disease_id,symptom_id,weight,confidence_score,symptom_severity_weight,evidence_count,source_count
dis_00059,sym_00031,2.2827,0.7609,3,105,1
dis_00059,sym_00035,1.413,0.471,3,65,1
dis_00059,sym_00062,2.3697,0.7899,3,109,1
dis_00059,sym_00317,3.1884,0.7971,4,110,1
dis_00059,sym_00370,1.6956,0.5652,3,78,1
dis_00059,sym_00373,3.0436,0.7609,4,105,1
dis_00060,sym_00012,1.6143,0.5381,3,219,1
dis_00060,sym_00167,1.5849,0.5283,3,215,1
dis_00060,sym_00210,1.7028,0.5676,3,231,1
dis_00060,sym_00261,2.145,0.715,3,291,1
dis_00060,sym_00359,1.5552,0.5184,3,211,1
dis_00060,sym_00360,1.5552,0.5184,3,211,1
dis_00060,sym_00370,1.7763,0.5921,3,241,1
dis_00060,sym_00422,1.6068,0.5356,3,218,1
dis_00060,sym_00436,2.2554,0.7518,3,306,1
dis_00060,sym_00455,1.6806,0.5602,3,228,1
dis_00065,sym_00079,1.5723,0.5241,3,152,1
dis_00065,sym_00080,2.0136,0.5034,4,146,1
dis_00065,sym_00147,1.5102,0.5034,3,146,1
dis_00065,sym_00214,2.3277,0.7759,3,225,1
dis_00065,sym_00288,2.655,0.531,5,154,1
dis_00065,sym_00382,1.5207,0.5069,3,147,1
dis_00065,sym_00405,1.593,0.531,3,154,1
dis_00065,sym_00464,4.0345,0.8069,5,234,1
dis_00066,sym_00080,1.6844,0.4211,4,8,1
dis_00066,sym_00091,3.0,1.0,3,19,1
dis_00066,sym_00222,2.3685,0.7895,3,15,1
dis_00066,sym_00373,3.5788,0.8947,4,17,1
dis_00067,sym_00080,1.9708,0.4927,4,168,1
dis_00067,sym_00096,1.4955,0.4985,3,170,1
dis_00067,sym_00147,1.5219,0.5073,3,173,1
dis_00067,sym_00176,2.1819,0.7273,3,248,1
dis_00067,sym_00288,2.434,0.4868,5,166,1
dis_00067,sym_00371,2.3403,0.7801,3,266,1
dis_00067,sym_00405,1.5837,0.5279,3,180,1
dis_00067,sym_00442,2.085,0.695,3,237,1
dis_00073,sym_00014,2.4999,0.8333,3,25,1
dis_00073,sym_00385,2.6001,0.8667,3,26,1
dis_00073,sym_00387,1.8999,0.6333,3,19,1
dis_00073,sym_00473,1.8999,0.6333,3,19,1
dis_00075,sym_00120,2.7501,0.9167,3,33,1
dis_00075,sym_00219,1.4166,0.4722,3,17,1
dis_00075,sym_00395,1.4166,0.4722,3,17,1
dis_00075,sym_00420,2.1666,0.7222,3,26,1
dis_00080,sym_00068,2.5356,0.8452,3,71,1
dis_00080,sym_00080,3.0952,0.7738,4,65,1
dis_00080,sym_00096,1.5714,0.5238,3,44,1
dis_00080,sym_00371,1.5,0.5,3,42,1
dis_00080,sym_00439,2.0358,0.6786,3,57,1
dis_00092,sym_00003,1.6452,0.5484,3,272,1
dis_00092,sym_00014,1.5423,0.5141,3,255,1
dis_00092,sym_00040,1.8,0.9,2,108,1
dis_00092,sym_00209,2.0745,0.6915,3,343,1
dis_00092,sym_00249,2.0082,0.6694,3,332,1
dis_00092,sym_00346,1.8,0.9,2,108,1
dis_00092,sym_00367,1.8,0.9,2,108,1
dis_00092,sym_00384,2.0382,0.6794,3,337,1
dis_00092,sym_00385,1.494,0.498,3,247,1
dis_00092,sym_00388,1.5363,0.5121,3,254,1
dis_00092,sym_00395,2.2173,0.7391,3,376,2
dis_00092,sym_00396,1.494,0.498,3,247,1
dis_00114,sym_00003,1.5111,0.5037,3,865,2
dis_00114,sym_00209,1.5774,0.5258,3,903,2
dis_00114,sym_00219,1.5483,0.5161,3,886,2
dis_00114,sym_00384,1.5708,0.5236,3,899,2
dis_00114,sym_00385,1.5129,0.5043,3,866,2
dis_00114,sym_00386,1.4922,0.4974,3,854,2
dis_00114,sym_00387,1.4646,0.4882,3,838,2
dis_00114,sym_00388,1.5606,0.5202,3,893,2
dis_00114,sym_00395,1.5036,0.5012,3,860,2
dis_00114,sym_00396,1.4778,0.4926,3,846,2
dis_00114,sym_00434,2.0391,0.6797,3,1169,2
dis_00117,sym_00079,1.4376,0.4792,3,1154,2
dis_00117,sym_00080,2.0532,0.5133,4,1236,2
dis_00117,sym_00086,1.5249,0.5083,3,1224,2
dis_00117,sym_00147,1.5699,0.5233,3,1260,2
dis_00117,sym_00192,1.5423,0.5141,3,1238,2
dis_00117,sym_00214,1.4802,0.4934,3,1188,2
dis_00117,sym_00288,2.6165,0.5233,5,1260,2
dis_00117,sym_00343,1.4802,0.4934,3,1188,2
dis_00117,sym_00373,3.9036,0.9759,4,2350,2
dis_00117,sym_00464,2.579,0.5158,5,1242,2
dis_00117,sym_00475,1.5573,0.5191,3,1250,2
dis_00118,sym_00075,1.4988,0.4996,3,1212,2
dis_00118,sym_00079,1.5555,0.5185,3,1258,2
dis_00118,sym_00080,2.0644,0.5161,4,1252,2
dis_00118,sym_00081,1.4865,0.4955,3,1202,2
dis_00118,sym_00147,1.5606,0.5202,3,1262,2
dis_00118,sym_00176,1.5483,0.5161,3,1252,2
dis_00118,sym_00288,2.6135,0.5227,5,1268,2
dis_00118,sym_00371,1.5063,0.5021,3,1218,2
dis_00118,sym_00373,3.9012,0.9753,4,2366,2
dis_00118,sym_00405,1.5261,0.5087,3,1234,2
dis_00118,sym_00475,1.4889,0.4963,3,1204,2
dis_00119,sym_00068,1.4919,0.4973,3,854,2
dis_00119,sym_00079,1.4616,0.4872,3,837,2
dis_00119,sym_00080,2.1228,0.5307,4,912,2
dis_00119,sym_00147,1.5051,0.5017,3,862,2
dis_00119,sym_00288,2.5605,0.5121,5,880,2
dis_00119,sym_00371,1.521,0.507,3,871,2
dis_00119,sym_00373,4.0328,1.0082,4,1732,2
dis_00119,sym_00405,1.5642,0.5214,3,896,2
dis_00119,sym_00464,3.348,0.6696,5,1152,2
dis_00119,sym_00475,1.5504,0.5168,3,888,2
dis_00121,sym_00120,3.0,1.0,3,9,1
dis_00121,sym_00370,2.6667,0.8889,3,8,1
dis_00123,sym_00048,1.4571,0.4857,3,102,1
dis_00123,sym_00099,1.7142,0.5714,3,120,1
dis_00123,sym_00106,2.1858,0.7286,3,153,1
dis_00123,sym_00131,1.5144,0.5048,3,106,1
dis_00123,sym_00161,2.0856,0.6952,3,146,1
dis_00123,sym_00307,1.7001,0.5667,3,119,1
dis_00123,sym_00407,1.4142,0.4714,3,99,1
dis_00123,sym_00431,1.6143,0.5381,3,113,1
dis_00125,sym_00105,1.9584,0.4896,4,840,2
dis_00125,sym_00230,1.5159,0.5053,3,867,2
dis_00125,sym_00289,2.5725,0.5145,5,883,2
dis_00125,sym_00327,1.5069,0.5023,3,862,2
dis_00125,sym_00362,1.9896,0.6632,3,1140,2
dis_00125,sym_00370,1.5111,0.5037,3,864,2
dis_00125,sym_00371,1.4979,0.4993,3,857,2
dis_00125,sym_00373,1.9836,0.4959,4,851,2
dis_00125,sym_00435,1.4358,0.4786,3,821,2
dis_00125,sym_00464,2.66,0.532,5,913,2
dis_00125,sym_00470,1.602,0.534,3,917,2
dis_00126,sym_00079,1.959,0.653,3,446,1
dis_00126,sym_00080,1.9852,0.4963,4,339,1
dis_00126,sym_00098,1.9854,0.6618,3,452,1
dis_00126,sym_00112,1.5111,0.5037,3,344,1
dis_00126,sym_00147,1.5504,0.5168,3,353,1
dis_00126,sym_00150,1.4583,0.4861,3,332,1
dis_00126,sym_00288,2.489,0.4978,5,340,1
dis_00126,sym_00329,1.5813,0.5271,3,360,1
dis_00126,sym_00356,1.5504,0.5168,3,353,1
dis_00126,sym_00405,1.4757,0.4919,3,336,1
dis_00127,sym_00011,1.5261,0.5087,3,1228,2
dis_00127,sym_00035,1.5012,0.5004,3,1208,2
dis_00127,sym_00062,1.5759,0.5253,3,1268,2
dis_00127,sym_00093,1.5186,0.5062,3,1222,2
dis_00127,sym_00179,1.5261,0.5087,3,1228,2
dis_00127,sym_00262,1.4862,0.4954,3,1196,2
dis_00127,sym_00289,2.5765,0.5153,5,1244,2
dis_00127,sym_00370,1.4937,0.4979,3,1202,2
dis_00127,sym_00371,1.4715,0.4905,3,1184,2
dis_00127,sym_00380,1.479,0.493,3,1190,2
dis_00127,sym_00455,1.5138,0.5046,3,1218,2
dis_00127,sym_00464,2.5725,0.5145,5,1242,2
dis_00130,sym_00068,1.9491,0.6497,3,293,1
dis_00130,sym_00069,2.2416,0.7472,3,337,1
dis_00130,sym_00080,2.022,0.5055,4,228,1
dis_00130,sym_00091,1.5366,0.5122,3,231,1
dis_00130,sym_00147,1.5699,0.5233,3,236,1
dis_00130,sym_00371,1.5633,0.5211,3,235,1
dis_00130,sym_00373,4.0444,1.0111,4,456,1
dis_00130,sym_00475,1.5633,0.5211,3,235,1
dis_00131,sym_00079,1.6176,0.5392,3,935,2
dis_00131,sym_00080,2.0296,0.5074,4,880,2
dis_00131,sym_00081,1.5105,0.5035,3,873,2
dis_00131,sym_00112,1.572,0.524,3,909,2
dis_00131,sym_00136,1.5204,0.5068,3,879,2
dis_00131,sym_00147,1.488,0.496,3,860,2
dis_00131,sym_00166,1.56,0.52,3,902,2
dis_00131,sym_00288,2.445,0.489,5,848,2
dis_00131,sym_00313,1.4385,0.4795,3,831,2
dis_00131,sym_00382,1.599,0.533,3,924,2
dis_00131,sym_00405,1.9251,0.6417,3,1114,2
dis_00132,sym_00006,2.0109,0.6703,3,610,1
dis_00132,sym_00025,1.4703,0.4901,3,446,1
dis_00132,sym_00062,1.5165,0.5055,3,460,1
dis_00132,sym_00090,1.4934,0.4978,3,453,1
dis_00132,sym_00091,1.5363,0.5121,3,466,1
dis_00132,sym_00105,2.0528,0.5132,4,467,1
dis_00132,sym_00140,2.0352,0.5088,4,463,1
dis_00132,sym_00176,1.5495,0.5165,3,470,1
dis_00132,sym_00204,1.4967,0.4989,3,454,1
dis_00132,sym_00371,1.5957,0.5319,3,484,1
dis_00132,sym_00373,1.9648,0.4912,4,447,1
dis_00144,sym_00012,1.5615,0.5205,3,38,1
dis_00144,sym_00029,2.2602,0.7534,3,55,1
dis_00144,sym_00282,1.7808,0.8904,2,65,1
dis_00144,sym_00292,2.671,0.5342,5,39,1
dis_00144,sym_00376,1.5204,0.5068,3,37,1
dis_00144,sym_00377,1.767,0.589,3,43,1
dis_00146,sym_00025,1.515,0.505,3,254,1
dis_00146,sym_00089,2.1054,0.7018,3,353,1
dis_00146,sym_00090,2.004,0.668,3,336,1
dis_00146,sym_00122,1.491,0.497,3,250,1
dis_00146,sym_00141,1.5447,0.5149,3,259,1
dis_00146,sym_00190,1.5924,0.5308,3,267,1
dis_00146,sym_00204,2.0637,0.6879,3,346,1
dis_00146,sym_00296,1.4673,0.4891,3,246,1
dis_00146,sym_00361,2.515,0.503,5,253,1
dis_00149,sym_00025,2.5713,0.8571,3,30,1
dis_00149,sym_00038,2.4858,0.8286,3,29,1
dis_00149,sym_00370,1.7142,0.5714,3,20,1
dis_00149,sym_00373,3.6572,0.9143,4,32,1
dis_00150,sym_00098,3.0,1.0,3,3,1
dis_00150,sym_00105,4.0,1.0,4,3,1
dis_00190,sym_00011,1.4646,0.4882,3,249,1
dis_00190,sym_00025,1.4058,0.4686,3,239,1
dis_00190,sym_00090,1.5882,0.5294,3,270,1
dis_00190,sym_00091,1.4472,0.4824,3,246,1
dis_00190,sym_00108,1.5354,0.5118,3,261,1
dis_00190,sym_00190,2.0295,0.6765,3,345,1
dis_00190,sym_00259,1.5411,0.5137,3,262,1
dis_00190,sym_00402,2.0295,0.6765,3,345,1
dis_00190,sym_00465,2.0352,0.6784,3,346,1
dis_00191,sym_00006,2.1282,0.7094,3,249,1
dis_00191,sym_00011,1.6581,0.5527,3,194,1
dis_00191,sym_00025,2.1111,0.7037,3,247,1
dis_00191,sym_00090,1.5642,0.5214,3,183,1
dis_00191,sym_00091,1.6752,0.5584,3,196,1
dis_00191,sym_00337,2.0769,0.6923,3,243,1
dis_00191,sym_00371,2.0856,0.6952,3,244,1
dis_00191,sym_00464,2.7635,0.5527,5,194,1
dis_00193,sym_00006,1.5204,0.5068,3,337,1
dis_00193,sym_00011,1.5474,0.5158,3,343,1
dis_00193,sym_00023,1.5564,0.5188,3,345,1
dis_00193,sym_00089,1.4391,0.4797,3,319,1
dis_00193,sym_00091,1.9398,0.6466,3,430,1
dis_00193,sym_00105,2.6888,0.6722,4,447,1
dis_00193,sym_00137,1.5294,0.5098,3,339,1
dis_00193,sym_00368,1.5879,0.5293,3,352,1
dis_00193,sym_00371,1.5294,0.5098,3,339,1
dis_00193,sym_00464,2.669,0.5338,5,355,1
dis_00194,sym_00002,3.8,0.95,4,114,1
dis_00194,sym_00102,3.8,0.95,4,114,1
dis_00194,sym_00151,3.8,0.95,4,114,1
dis_00194,sym_00188,4.75,0.95,5,114,1
dis_00194,sym_00421,6.65,0.95,7,114,1
dis_00194,sym_00464,4.75,0.95,5,114,1
dis_00194,sym_00486,2.85,0.95,3,114,1
dis_00195,sym_00006,2.3538,0.7846,3,193,1
dis_00195,sym_00011,1.5366,0.5122,3,126,1
dis_00195,sym_00093,1.9512,0.6504,3,160,1
dis_00195,sym_00327,1.5732,0.5244,3,129,1
dis_00195,sym_00370,1.6098,0.5366,3,132,1
dis_00195,sym_00413,2.0001,0.6667,3,164,1
dis_00195,sym_00473,2.0367,0.6789,3,167,1
dis_00205,sym_00003,1.512,0.504,3,861,2
dis_00205,sym_00016,1.572,0.524,3,895,2
dis_00205,sym_00069,2.7,0.9,3,108,1
dis_00205,sym_00078,3.6,0.9,4,108,1
dis_00205,sym_00080,1.9444,0.4861,4,830,2
dis_00205,sym_00152,1.9566,0.6522,3,1116,2
dis_00205,sym_00216,1.5177,0.5059,3,864,2
dis_00205,sym_00219,1.5405,0.5135,3,877,2
dis_00205,sym_00248,1.4706,0.4902,3,837,2
dis_00205,sym_00327,1.5762,0.5254,3,897,2
dis_00205,sym_00372,4.5,0.9,5,108,1
dis_00205,sym_00395,1.5021,0.5007,3,855,2
dis_00205,sym_00396,1.551,0.517,3,883,2
dis_00205,sym_00425,1.4421,0.4807,3,821,2
dis_00205,sym_00469,3.6,0.9,4,108,1
dis_00206,sym_00016,2.0001,0.6667,3,26,1
dis_00206,sym_00080,3.1796,0.7949,4,31,1
dis_00206,sym_00084,2.3076,0.7692,3,30,1
dis_00206,sym_00288,3.3335,0.6667,5,26,1
dis_00206,sym_00405,2.9232,0.9744,3,38,1
dis_00207,sym_00014,2.0646,0.6882,3,234,1
dis_00207,sym_00145,1.5177,0.5059,3,172,1
dis_00207,sym_00209,1.5795,0.5265,3,179,1
dis_00207,sym_00219,2.1705,0.7235,3,246,1
dis_00207,sym_00385,1.5177,0.5059,3,172,1
dis_00207,sym_00395,1.5795,0.5265,3,179,1
dis_00207,sym_00396,2.1618,0.7206,3,245,1
dis_00207,sym_00446,1.4205,0.4735,3,161,1
dis_00231,sym_00089,1.6071,0.5357,3,180,1
dis_00231,sym_00090,1.5267,0.5089,3,171,1
dis_00231,sym_00091,1.6608,0.5536,3,186,1
dis_00231,sym_00097,1.6161,0.5387,3,181,1
dis_00231,sym_00103,1.5894,0.5298,3,178,1
dis_00231,sym_00128,2.25,0.75,3,252,1
dis_00231,sym_00190,2.0535,0.6845,3,230,1
dis_00231,sym_00209,2.0268,0.6756,3,227,1
dis_00237,sym_00084,2.298,0.766,3,36,1
dis_00237,sym_00099,1.9788,0.6596,3,31,1
dis_00237,sym_00129,1.9788,0.6596,3,31,1
dis_00237,sym_00307,1.5957,0.5319,3,25,1
dis_00237,sym_00345,2.6169,0.8723,3,41,1
dis_00249,sym_00025,3.0,1.0,3,4,1
dis_00249,sym_00373,3.0,0.75,4,3,1
dis_00249,sym_00482,3.0,1.0,3,4,1
dis_00257,sym_00006,2.7,0.9,3,54,1
dis_00257,sym_00096,2.6001,0.8667,3,52,1
dis_00257,sym_00097,2.4501,0.8167,3,49,1
dis_00257,sym_00240,2.1999,0.7333,3,44,1
dis_00257,sym_00470,2.1,0.7,3,42,1
dis_00261,sym_00052,1.4736,0.4912,3,111,1
dis_00261,sym_00066,1.5795,0.5265,3,119,1
dis_00261,sym_00076,1.9116,0.4779,4,108,1
dis_00261,sym_00262,1.5,0.5,3,113,1
dis_00261,sym_00310,1.5264,0.5088,3,115,1
dis_00261,sym_00353,1.4868,0.4956,3,112,1
dis_00261,sym_00370,1.6326,0.5442,3,123,1
dis_00261,sym_00459,2.5221,0.8407,3,190,1
dis_00262,sym_00052,2.55,0.85,3,17,1
dis_00262,sym_00268,2.7,0.9,3,18,1
dis_00262,sym_00310,1.65,0.55,3,11,1
dis_00262,sym_00353,1.95,0.65,3,13,1
dis_00271,sym_00066,2.3202,0.7734,3,256,1
dis_00271,sym_00105,2.26,0.565,4,187,1
dis_00271,sym_00140,1.9456,0.4864,4,161,1
dis_00271,sym_00273,1.6677,0.5559,3,184,1
dis_00271,sym_00299,2.0301,0.6767,3,224,1
dis_00271,sym_00373,2.1028,0.5257,4,174,1
dis_00271,sym_00465,2.0394,0.6798,3,225,1
dis_00271,sym_00470,1.6677,0.5559,3,184,1
dis_00273,sym_00020,1.44,0.48,3,24,1
dis_00273,sym_00140,2.0,0.5,4,25,1
dis_00273,sym_00327,1.62,0.54,3,27,1
dis_00273,sym_00352,2.52,0.84,3,42,1
dis_00273,sym_00373,2.24,0.56,4,28,1
dis_00273,sym_00470,1.98,0.66,3,33,1
dis_00274,sym_00096,1.7499,0.5833,3,7,1
dis_00274,sym_00140,3.0,0.75,4,9,1
dis_00274,sym_00148,2.7501,0.9167,3,11,1
dis_00274,sym_00373,2.6668,0.6667,4,8,1
dis_00276,sym_00105,3.7,0.925,4,37,1
dis_00276,sym_00120,1.875,0.625,3,25,1
dis_00276,sym_00145,2.85,0.95,3,38,1
dis_00276,sym_00470,1.5,0.5,3,20,1
dis_00284,sym_00029,1.5141,0.5047,3,874,2
dis_00284,sym_00068,1.524,0.508,3,880,2
dis_00284,sym_00105,1.9564,0.4891,4,847,2
dis_00284,sym_00191,1.9932,0.6644,3,1152,2
dis_00284,sym_00197,1.5054,0.5018,3,869,2
dis_00284,sym_00211,1.5171,0.5057,3,876,2
dis_00284,sym_00262,1.521,0.507,3,878,2
dis_00284,sym_00317,2.1064,0.5266,4,912,2
dis_00284,sym_00371,1.5567,0.5189,3,899,2
dis_00284,sym_00373,1.954,0.4885,4,846,2
dis_00284,sym_00417,1.5003,0.5001,3,866,2
dis_00292,sym_00012,1.5297,0.5099,3,309,1
dis_00292,sym_00035,1.4406,0.4802,3,291,1
dis_00292,sym_00116,1.5645,0.5215,3,316,1
dis_00292,sym_00184,1.4208,0.4736,3,287,1
dis_00292,sym_00233,1.515,0.505,3,306,1
dis_00292,sym_00242,1.4208,0.4736,3,287,1
dis_00292,sym_00255,1.5249,0.5083,3,308,1
dis_00292,sym_00262,1.4553,0.4851,3,294,1
dis_00292,sym_00319,2.2227,0.7409,3,449,1
dis_00292,sym_00411,1.515,0.505,3,306,1
dis_00307,sym_00006,1.5276,0.5092,3,1220,2
dis_00307,sym_00025,1.4775,0.4925,3,1180,2
dis_00307,sym_00090,1.5375,0.5125,3,1228,2
dis_00307,sym_00091,1.5501,0.5167,3,1238,2
dis_00307,sym_00141,1.515,0.505,3,1210,2
dis_00307,sym_00176,1.5225,0.5075,3,1216,2
dis_00307,sym_00197,1.4799,0.4933,3,1182,2
dis_00307,sym_00204,1.5477,0.5159,3,1236,2
dis_00307,sym_00211,1.5174,0.5058,3,1212,2
dis_00307,sym_00317,2.0032,0.5008,4,1200,2
dis_00307,sym_00371,1.5927,0.5309,3,1272,2
dis_00307,sym_00373,2.02,0.505,4,1210,2
dis_00310,sym_00137,1.5897,0.5299,3,239,1
dis_00310,sym_00167,1.3635,0.4545,3,205,1
dis_00310,sym_00211,2.3082,0.7694,3,347,1
dis_00310,sym_00266,1.5564,0.5188,3,234,1
dis_00310,sym_00317,2.1196,0.5299,4,239,1
dis_00310,sym_00327,1.4835,0.4945,3,223,1
dis_00310,sym_00371,2.0487,0.6829,3,308,1
dis_00310,sym_00373,4.124,1.031,4,465,1
dis_00312,sym_00099,2.3334,0.7778,3,7,1
dis_00312,sym_00128,2.3334,0.7778,3,7,1
dis_00312,sym_00407,1.6668,0.5556,3,5,1
dis_00312,sym_00431,3.0,1.0,3,9,1
dis_00315,sym_00080,2.672,0.668,4,163,1
dis_00315,sym_00147,1.6476,0.5492,3,134,1
dis_00315,sym_00176,2.5944,0.8648,3,211,1
dis_00315,sym_00277,1.6968,0.5656,3,138,1
dis_00315,sym_00278,1.6722,0.5574,3,136,1
dis_00315,sym_00405,1.6107,0.5369,3,131,1
dis_00315,sym_00444,1.5861,0.5287,3,129,1
dis_00315,sym_00447,1.5123,0.5041,3,123,1
dis_00319,sym_00140,2.0,0.5,4,35,1
dis_00319,sym_00147,1.2858,0.4286,3,30,1
dis_00319,sym_00238,2.7429,0.9143,3,64,1
dis_00319,sym_00289,2.5715,0.5143,5,36,1
dis_00319,sym_00400,1.7571,0.5857,3,41,1
dis_00319,sym_00470,1.7142,0.5714,3,40,1
dis_00321,sym_00062,1.5924,0.5308,3,908,2
dis_00321,sym_00086,1.9167,0.6389,3,1095,2
dis_00321,sym_00093,1.5075,0.5025,3,860,2
dis_00321,sym_00147,1.5189,0.5063,3,866,2
dis_00321,sym_00261,1.5663,0.5221,3,893,2
dis_00321,sym_00289,2.5625,0.5125,5,877,2
dis_00321,sym_00370,1.4376,0.4792,3,820,2
dis_00321,sym_00380,1.5303,0.5101,3,873,2
dis_00321,sym_00413,1.5375,0.5125,3,877,2
dis_00321,sym_00455,1.5204,0.5068,3,867,2
dis_00321,sym_00464,2.5685,0.5137,5,879,2
dis_03490,sym_00068,1.6164,0.5388,3,139,1
dis_03490,sym_00105,3.1164,0.7791,4,201,1
dis_03490,sym_00137,2.4999,0.8333,3,215,1
dis_03490,sym_00140,2.2324,0.5581,4,144,1
dis_03490,sym_00240,1.4187,0.4729,3,122,1
dis_03490,sym_00317,2.4188,0.6047,4,156,1
dis_03490,sym_00371,1.686,0.562,3,145,1
dis_03490,sym_00373,2.8684,0.7171,4,185,1
dis_03494,sym_00279,4.75,0.95,5,114,1
dis_03494,sym_00286,1.9,0.95,2,114,1
dis_03494,sym_00315,1.9,0.95,2,114,1
dis_03494,sym_00410,3.8,0.95,4,114,1
dis_03494,sym_00419,4.75,0.95,5,114,1
dis_03495,sym_00012,1.5249,0.5083,3,1230,2
dis_03495,sym_00035,1.5024,0.5008,3,1212,2
dis_03495,sym_00168,1.5174,0.5058,3,1224,2
dis_03495,sym_00184,1.5075,0.5025,3,1216,2
dis_03495,sym_00185,1.5174,0.5058,3,1224,2
dis_03495,sym_00227,1.4751,0.4917,3,1190,2
dis_03495,sym_00233,1.5447,0.5149,3,1246,2
dis_03495,sym_00242,1.4652,0.4884,3,1182,2
dis_03495,sym_00255,1.485,0.495,3,1198,2
dis_03495,sym_00262,1.4949,0.4983,3,1206,2
dis_03495,sym_00322,1.5819,0.5273,3,1276,2
dis_03495,sym_00337,1.5123,0.5041,3,1220,2
dis_03502,sym_00147,1.5834,0.5278,3,38,1
dis_03502,sym_00224,2.25,0.75,3,54,1
dis_03502,sym_00362,2.4999,0.8333,3,60,1
dis_03502,sym_00370,1.7916,0.5972,3,43,1
dis_03502,sym_00373,3.5556,0.8889,4,64,1
dis_03505,sym_00023,1.6065,0.5355,3,181,1
dis_03505,sym_00025,1.5354,0.5118,3,173,1
dis_03505,sym_00090,1.5711,0.5237,3,177,1
dis_03505,sym_00091,1.6863,0.5621,3,190,1
dis_03505,sym_00122,2.2632,0.7544,3,255,1
dis_03505,sym_00137,1.5177,0.5059,3,171,1
dis_03505,sym_00190,2.0058,0.6686,3,226,1
dis_03505,sym_00238,1.9971,0.6657,3,225,1
dis_03506,sym_00232,3.0,1.0,3,10,1
dis_03506,sym_00373,4.0,1.0,4,10,1
dis_03508,sym_00016,1.5711,0.5237,3,900,2
dis_03508,sym_00068,1.4619,0.4873,3,837,2
dis_03508,sym_00079,1.5192,0.5064,3,870,2
dis_03508,sym_00080,2.5992,0.6498,4,1009,3
dis_03508,sym_00081,1.9494,0.6498,3,1118,2
dis_03508,sym_00138,4.75,0.95,5,114,1
dis_03508,sym_00140,3.6,0.9,4,108,1
dis_03508,sym_00147,1.5276,0.5092,3,875,2
dis_03508,sym_00181,6.65,0.95,7,114,1
dis_03508,sym_00280,3.8,0.95,4,114,1
dis_03508,sym_00288,2.6845,0.5369,5,922,2
dis_03508,sym_00371,1.5174,0.5058,3,869,2
dis_03508,sym_00373,3.9268,0.9817,4,1828,3
dis_03508,sym_00475,1.5516,0.5172,3,889,2
dis_03509,sym_00099,1.5702,0.5234,3,168,1
dis_03509,sym_00106,1.9908,0.6636,3,213,1
dis_03509,sym_00129,2.0187,0.6729,3,216,1
dis_03509,sym_00161,1.4859,0.4953,3,159,1
dis_03509,sym_00239,1.5234,0.5078,3,163,1
dis_03509,sym_00307,2.3457,0.7819,3,251,1
dis_03509,sym_00407,1.5702,0.5234,3,168,1
dis_03509,sym_00431,1.5702,0.5234,3,168,1
dis_03517,sym_00080,2.4648,0.6162,4,61,1
dis_03517,sym_00105,3.3132,0.8283,4,82,1
dis_03517,sym_00176,2.5758,0.8586,3,85,1
dis_03517,sym_00371,1.788,0.596,3,59,1
dis_03517,sym_00373,2.5052,0.6263,4,62,1
dis_03517,sym_00405,2.1213,0.7071,3,70,1
dis_03523,sym_00003,2.0418,0.6806,3,260,1
dis_03523,sym_00157,1.5393,0.5131,3,196,1
dis_03523,sym_00159,1.5471,0.5157,3,197,1
dis_03523,sym_00208,2.0496,0.6832,3,261,1
dis_03523,sym_00384,1.5315,0.5105,3,195,1
dis_03523,sym_00387,2.0889,0.6963,3,266,1
dis_03523,sym_00395,1.4451,0.4817,3,184,1
dis_03523,sym_00396,1.9869,0.6623,3,253,1
dis_03524,sym_00120,2.4084,0.8028,3,57,1
dis_03524,sym_00194,1.9014,0.6338,3,45,1
dis_03524,sym_00362,2.3238,0.7746,3,55,1
dis_03524,sym_00416,2.7042,0.9014,3,64,1
dis_03524,sym_00430,1.6056,0.5352,3,38,1
dis_03526,sym_00087,1.5882,0.5294,3,36,1
dis_03526,sym_00105,2.4704,0.6176,4,42,1
dis_03526,sym_00140,2.1176,0.5294,4,36,1
dis_03526,sym_00197,1.8087,0.6029,3,41,1
dis_03526,sym_00211,1.4559,0.4853,3,33,1
dis_03526,sym_00317,2.5884,0.6471,4,44,1
dis_03526,sym_00371,1.6323,0.5441,3,37,1
dis_03526,sym_00373,2.3528,0.5882,4,40,1
dis_03528,sym_00068,1.4874,0.4958,3,119,1
dis_03528,sym_00165,1.6374,0.5458,3,131,1
dis_03528,sym_00197,1.725,0.575,3,138,1
dis_03528,sym_00211,1.7874,0.5958,3,143,1
dis_03528,sym_00317,2.2332,0.5583,4,134,1
dis_03528,sym_00371,2.5251,0.8417,3,202,1
dis_03528,sym_00373,2.1332,0.5333,4,128,1
dis_03528,sym_00427,2.0625,0.6875,3,165,1
dis_03531,sym_00003,1.596,0.532,3,233,1
dis_03531,sym_00014,2.322,0.774,3,339,1
dis_03531,sym_00248,2.0001,0.6667,3,292,1
dis_03531,sym_00385,1.6302,0.5434,3,238,1
dis_03531,sym_00386,1.6164,0.5388,3,236,1
dis_03531,sym_00387,1.6302,0.5434,3,238,1
dis_03531,sym_00388,1.548,0.516,3,226,1
dis_03531,sym_00396,1.4727,0.4909,3,215,1
dis_03531,sym_00477,1.3974,0.4658,3,204,1
dis_03532,sym_00053,2.3343,0.7781,3,256,1
dis_03532,sym_00165,1.5684,0.5228,3,172,1
dis_03532,sym_00207,1.5318,0.5106,3,168,1
dis_03532,sym_00304,1.6323,0.5441,3,179,1
dis_03532,sym_00314,1.605,0.535,3,176,1
dis_03532,sym_00416,2.0427,0.6809,3,224,1
dis_03532,sym_00458,1.4589,0.4863,3,160,1
dis_03532,sym_00460,2.1702,0.7234,3,238,1
dis_03533,sym_00003,1.7871,0.5957,3,28,1
dis_03533,sym_00061,2.4894,0.8298,3,39,1
dis_03533,sym_00165,2.8086,0.9362,3,44,1
dis_03533,sym_00194,2.298,0.766,3,36,1
dis_03533,sym_00385,1.7235,0.5745,3,27,1
dis_03535,sym_00023,1.5621,0.5207,3,264,1
dis_03535,sym_00025,1.4616,0.4872,3,247,1
dis_03535,sym_00090,1.5621,0.5207,3,264,1
dis_03535,sym_00091,1.4733,0.4911,3,249,1
dis_03535,sym_00108,1.9113,0.6371,3,323,1
dis_03535,sym_00190,2.0709,0.6903,3,350,1
dis_03535,sym_00238,1.9764,0.6588,3,334,1
dis_03535,sym_00361,2.426,0.4852,5,246,1
dis_03535,sym_00437,1.5561,0.5187,3,263,1
dis_03541,sym_00023,1.5198,0.5066,3,229,1
dis_03541,sym_00076,1.9736,0.4934,4,223,1
dis_03541,sym_00091,1.5132,0.5044,3,228,1
dis_03541,sym_00097,1.9911,0.6637,3,300,1
dis_03541,sym_00190,1.5333,0.5111,3,231,1
dis_03541,sym_00238,1.5,0.5,3,226,1
dis_03541,sym_00249,2.1636,0.7212,3,326,1
dis_03541,sym_00368,1.4934,0.4978,3,225,1
dis_03541,sym_00437,1.4802,0.4934,3,223,1
dis_03549,sym_00086,1.9644,0.6548,3,55,1
dis_03549,sym_00096,1.8213,0.6071,3,51,1
dis_03549,sym_00105,3.3332,0.8333,4,70,1
dis_03549,sym_00176,2.643,0.881,3,74,1
dis_03549,sym_00242,1.6785,0.5595,3,47,1
dis_03583,sym_00108,3.0,1.0,3,10,1
dis_03583,sym_00184,1.2,0.4,3,4,1
dis_03583,sym_00233,1.8,0.6,3,6,1
dis_03583,sym_00376,2.1,0.7,3,7,1
dis_03591,sym_00003,1.467,0.489,3,222,1
dis_03591,sym_00080,2.0088,0.5022,4,228,1
dis_03591,sym_00092,1.5,0.5,3,227,1
dis_03591,sym_00219,1.4406,0.4802,3,218,1
dis_03591,sym_00314,1.9824,0.6608,3,300,1
dis_03591,sym_00325,1.3611,0.4537,3,206,1
dis_03591,sym_00326,1.4802,0.4934,3,224,1
dis_03591,sym_00395,1.5066,0.5022,3,228,1
dis_03591,sym_00416,2.2665,0.7555,3,343,1
dis_03631,sym_00006,1.9314,0.6438,3,441,1
dis_03631,sym_00099,1.9665,0.6555,3,449,1
dis_03631,sym_00136,1.4892,0.4964,3,340,1
dis_03631,sym_00154,1.5678,0.5226,3,358,1
dis_03631,sym_00176,1.4673,0.4891,3,335,1
dis_03631,sym_00252,1.4496,0.4832,3,331,1
dis_03631,sym_00327,1.5723,0.5241,3,359,1
dis_03631,sym_00431,1.5459,0.5153,3,353,1
dis_03631,sym_00434,1.5417,0.5139,3,352,1
dis_03631,sym_00470,1.4673,0.4891,3,335,1
dis_03638,sym_00053,1.704,0.568,3,117,1
dis_03638,sym_00194,2.2281,0.7427,3,153,1
dis_03638,sym_00207,2.0244,0.6748,3,139,1
dis_03638,sym_00255,1.398,0.466,3,96,1
dis_03638,sym_00370,1.602,0.534,3,110,1
dis_03638,sym_00380,1.4709,0.4903,3,101,1
dis_03638,sym_00464,3.4225,0.6845,5,141,1
dis_03640,sym_00105,2.0856,0.5214,4,231,1
dis_03640,sym_00137,2.0451,0.6817,3,302,1
dis_03640,sym_00166,1.4967,0.4989,3,221,1
dis_03640,sym_00176,1.632,0.544,3,241,1
dis_03640,sym_00211,2.316,0.772,3,342,1
dis_03640,sym_00289,2.6185,0.5237,5,232,1
dis_03640,sym_00337,1.5441,0.5147,3,228,1
dis_03640,sym_00464,2.5845,0.5169,5,229,1
dis_03640,sym_00470,1.5033,0.5011,3,222,1
dis_03641,sym_00176,2.85,0.95,3,114,1
dis_03641,sym_00251,3.8,0.95,4,114,1
dis_03641,sym_00289,4.75,0.95,5,114,1
dis_03641,sym_00406,5.4,0.9,6,108,1
dis_03641,sym_00452,3.8,0.95,4,114,1
dis_03641,sym_00464,4.75,0.95,5,114,1
dis_03642,sym_00053,1.5348,0.5116,3,1234,2
dis_03642,sym_00126,1.4826,0.4942,3,1192,2
dis_03642,sym_00165,1.5546,0.5182,3,1250,2
dis_03642,sym_00180,1.4877,0.4959,3,1196,2
dis_03642,sym_00194,1.5123,0.5041,3,1216,2
dis_03642,sym_00207,1.4877,0.4959,3,1196,2
dis_03642,sym_00260,1.5051,0.5017,3,1210,2
dis_03642,sym_00309,1.5,0.5,3,1206,2
dis_03642,sym_00362,1.485,0.495,3,1194,2
dis_03642,sym_00420,1.5051,0.5017,3,1210,2
dis_03642,sym_00430,1.5099,0.5033,3,1214,2
dis_03642,sym_00433,1.5648,0.5216,3,1258,2
dis_03646,sym_00062,1.4781,0.4927,3,336,1
dis_03646,sym_00165,1.5396,0.5132,3,350,1
dis_03646,sym_00305,1.5615,0.5205,3,355,1
dis_03646,sym_00314,2.0322,0.6774,3,462,1
dis_03646,sym_00336,1.4868,0.4956,3,338,1
dis_03646,sym_00370,1.434,0.478,3,326,1
dis_03646,sym_00416,1.9794,0.6598,3,450,1
dis_03646,sym_00458,1.5837,0.5279,3,360,1
dis_03646,sym_00460,1.5396,0.5132,3,350,1
dis_03646,sym_00462,1.5705,0.5235,3,357,1
dis_03666,sym_00011,1.9413,0.6471,3,429,1
dis_03666,sym_00025,1.4616,0.4872,3,323,1
dis_03666,sym_00089,1.5519,0.5173,3,343,1
dis_03666,sym_00090,1.5567,0.5189,3,344,1
dis_03666,sym_00091,1.5384,0.5128,3,340,1
dis_03666,sym_00122,1.5204,0.5068,3,336,1
dis_03666,sym_00141,1.5159,0.5053,3,335,1
dis_03666,sym_00204,1.9956,0.6652,3,441,1
dis_03666,sym_00301,1.5204,0.5068,3,336,1
dis_03666,sym_00437,1.4388,0.4796,3,318,1
dis_03670,sym_00030,2.7273,0.9091,3,10,1
dis_03670,sym_00091,3.0,1.0,3,11,1
dis_03670,sym_00120,2.7273,0.9091,3,10,1
dis_03674,sym_00042,1.632,0.544,3,68,1
dis_03674,sym_00053,1.608,0.536,3,67,1
dis_03674,sym_00126,1.584,0.528,3,66,1
dis_03674,sym_00167,1.656,0.552,3,69,1
dis_03674,sym_00268,2.736,0.912,3,114,1
dis_03674,sym_00362,1.8,0.6,3,75,1
dis_03674,sym_00430,1.488,0.496,3,62,1
dis_03675,sym_00053,1.4802,0.4934,3,224,1
dis_03675,sym_00165,1.599,0.533,3,242,1
dis_03675,sym_00207,1.4604,0.4868,3,221,1
dis_03675,sym_00261,1.9758,0.6586,3,299,1
dis_03675,sym_00314,2.2005,0.7335,3,333,1
dis_03675,sym_00362,1.4802,0.4934,3,224,1
dis_03675,sym_00370,1.5396,0.5132,3,233,1
dis_03675,sym_00416,1.533,0.511,3,232,1
dis_03675,sym_00430,1.5066,0.5022,3,228,1
dis_03676,sym_00039,1.491,0.497,3,168,1
dis_03676,sym_00165,2.0769,0.6923,3,234,1
dis_03676,sym_00180,1.5798,0.5266,3,178,1
dis_03676,sym_00194,1.5888,0.5296,3,179,1
dis_03676,sym_00207,2.352,0.784,3,265,1
dis_03676,sym_00362,1.5354,0.5118,3,173,1
dis_03676,sym_00416,2.0325,0.6775,3,229,1
dis_03676,sym_00430,1.5177,0.5059,3,171,1
dis_03678,sym_00099,1.5429,0.5143,3,466,1
dis_03678,sym_00128,2.0001,0.6667,3,604,1
dis_03678,sym_00131,1.5264,0.5088,3,461,1
dis_03678,sym_00135,1.5762,0.5254,3,476,1
dis_03678,sym_00216,1.5066,0.5022,3,455,1
dis_03678,sym_00239,1.5597,0.5199,3,471,1
dis_03678,sym_00307,1.5396,0.5132,3,465,1
dis_03678,sym_00407,1.5597,0.5199,3,471,1
dis_03678,sym_00425,1.5132,0.5044,3,457,1
dis_03678,sym_00431,1.437,0.479,3,434,1
dis_03678,sym_00476,1.4502,0.4834,3,438,1
dis_03684,sym_00008,2.4999,0.8333,3,5,1
dis_03684,sym_00099,1.5,0.5,3,3,1
dis_03684,sym_00176,3.0,1.0,3,6,1
dis_03684,sym_00258,2.4999,0.8333,3,5,1
dis_03690,sym_00140,1.7348,0.4337,4,36,1
dis_03690,sym_00242,2.1687,0.7229,3,60,1
dis_03690,sym_00255,1.5543,0.5181,3,43,1
dis_03690,sym_00327,1.9158,0.6386,3,53,1
dis_03690,sym_00337,2.6025,0.8675,3,72,1
dis_03691,sym_00035,1.494,0.498,3,127,1
dis_03691,sym_00056,1.5528,0.5176,3,132,1
dis_03691,sym_00097,2.2941,0.7647,3,195,1
dis_03691,sym_00233,1.6236,0.5412,3,138,1
dis_03691,sym_00240,2.1648,0.7216,3,184,1
dis_03691,sym_00242,2.0706,0.6902,3,176,1
dis_03691,sym_00283,2.0589,0.6863,3,175,1
dis_03693,sym_00018,1.8387,0.6129,3,19,1
dis_03693,sym_00116,2.9031,0.9677,3,30,1
dis_03693,sym_00157,2.4195,0.8065,3,25,1
dis_03693,sym_00159,1.5483,0.5161,3,16,1
dis_03693,sym_00242,1.4517,0.4839,3,15,1
dis_03702,sym_00029,1.4874,0.4958,3,858,2
dis_03702,sym_00035,1.5546,0.5182,3,897,2
dis_03702,sym_00116,1.9785,0.6595,3,1143,2
dis_03702,sym_00172,1.5075,0.5025,3,870,2
dis_03702,sym_00175,1.5006,0.5002,3,866,2
dis_03702,sym_00176,1.4556,0.4852,3,840,2
dis_03702,sym_00252,1.4751,0.4917,3,851,2
dis_03702,sym_00255,1.5651,0.5217,3,903,2
dis_03702,sym_00292,2.6605,0.5321,5,921,2
dis_03702,sym_00319,1.5651,0.5217,3,903,2
dis_03702,sym_00376,1.5147,0.5049,3,874,2
dis_03718,sym_00086,1.6521,0.5507,3,125,1
dis_03718,sym_00097,2.5902,0.8634,3,196,1
dis_03718,sym_00103,1.4538,0.4846,3,110,1
dis_03718,sym_00154,1.7049,0.5683,3,129,1
dis_03718,sym_00176,1.4274,0.4758,3,108,1
dis_03718,sym_00368,1.533,0.511,3,116,1
dis_03718,sym_00400,1.6389,0.5463,3,124,1
dis_03718,sym_00470,1.4538,0.4846,3,110,1
dis_03726,sym_00047,2.0001,0.6667,3,4,1
dis_03726,sym_00191,1.5,0.5,3,3,1
dis_03726,sym_00264,2.4999,0.8333,3,5,1
dis_03726,sym_00311,2.0001,0.6667,3,4,1
dis_03727,sym_00264,1.5,0.5,3,11,1
dis_03727,sym_00311,1.6365,0.5455,3,12,1
dis_03727,sym_00385,1.9092,0.6364,3,14,1
dis_03727,sym_00459,2.7273,0.9091,3,20,1
dis_03728,sym_00003,1.503,0.501,3,251,1
dis_03728,sym_00047,1.503,0.501,3,251,1
dis_03728,sym_00069,2.0001,0.6667,3,334,1
dis_03728,sym_00147,1.515,0.505,3,253,1
dis_03728,sym_00264,1.521,0.507,3,254,1
dis_03728,sym_00276,1.9941,0.6647,3,333,1
dis_03728,sym_00311,1.575,0.525,3,263,1
dis_03728,sym_00332,1.509,0.503,3,252,1
dis_03728,sym_00385,2.0061,0.6687,3,335,1
dis_03733,sym_00045,1.5456,0.5152,3,85,1
dis_03733,sym_00095,1.509,0.503,3,83,1
dis_03733,sym_00109,2.2365,0.7455,3,123,1
dis_03733,sym_00136,1.5456,0.5152,3,85,1
dis_03733,sym_00169,1.509,0.503,3,83,1
dis_03733,sym_00248,2.4546,0.8182,3,135,1
dis_03733,sym_00447,1.8,0.6,3,99,1
dis_03747,sym_00156,1.5789,0.5263,3,20,1
dis_03747,sym_00157,2.5263,0.8421,3,32,1
dis_03747,sym_00233,1.5789,0.5263,3,20,1
dis_03747,sym_00385,2.8422,0.9474,3,36,1
dis_03747,sym_00388,2.6052,0.8684,3,33,1
dis_03748,sym_00172,1.6842,0.5614,3,32,1
dis_03748,sym_00176,1.6317,0.5439,3,31,1
dis_03748,sym_00233,1.6317,0.5439,3,31,1
dis_03748,sym_00386,2.3157,0.7719,3,44,1
dis_03748,sym_00479,2.1579,0.7193,3,41,1
dis_03748,sym_00481,2.2104,0.7368,3,42,1
dis_03750,sym_00029,1.5249,0.5083,3,1228,2
dis_03750,sym_00030,1.5174,0.5058,3,1222,2
dis_03750,sym_00031,1.5348,0.5116,3,1236,2
dis_03750,sym_00116,1.5225,0.5075,3,1226,2
dis_03750,sym_00118,1.5918,0.5306,3,1282,2
dis_03750,sym_00184,1.5372,0.5124,3,1238,2
dis_03750,sym_00233,1.5546,0.5182,3,1252,2
dis_03750,sym_00235,1.5024,0.5008,3,1210,2
dis_03750,sym_00242,1.4628,0.4876,3,1178,2
dis_03750,sym_00244,1.4628,0.4876,3,1178,2
dis_03750,sym_00376,1.4553,0.4851,3,1172,2
dis_03750,sym_00377,1.4703,0.4901,3,1184,2
dis_03757,sym_00003,1.4562,0.4854,3,249,1
dis_03757,sym_00014,2.0409,0.6803,3,349,1
dis_03757,sym_00157,1.5321,0.5107,3,262,1
dis_03757,sym_00159,1.9416,0.6472,3,332,1
dis_03757,sym_00208,1.497,0.499,3,256,1
dis_03757,sym_00385,1.6374,0.5458,3,280,1
dis_03757,sym_00387,1.503,0.501,3,257,1
dis_03757,sym_00395,1.4562,0.4854,3,249,1
dis_03757,sym_00396,1.9416,0.6472,3,332,1
dis_03773,sym_00091,2.5908,0.8636,3,76,1
dis_03773,sym_00105,2.0908,0.5227,4,46,1
dis_03773,sym_00120,2.1477,0.7159,3,63,1
dis_03773,sym_00176,1.7385,0.5795,3,51,1
dis_03773,sym_00289,2.8975,0.5795,5,51,1
dis_03773,sym_00464,2.6135,0.5227,5,46,1
dis_03774,sym_00207,3.0,1.0,3,2,1
dis_03774,sym_00232,3.0,1.0,3,2,1
dis_03775,sym_00031,2.1156,0.7052,3,244,1
dis_03775,sym_00087,2.0202,0.6734,3,233,1
dis_03775,sym_00211,2.133,0.711,3,246,1
dis_03775,sym_00317,2.8672,0.7168,4,248,1
dis_03775,sym_00371,1.6302,0.5434,3,188,1
dis_03775,sym_00373,4.2892,1.0723,4,371,1
dis_03775,sym_00470,1.6734,0.5578,3,193,1
dis_03781,sym_00068,2.0835,0.6945,3,216,1
dis_03781,sym_00087,2.2284,0.7428,3,231,1
dis_03781,sym_00140,2.3796,0.5949,4,185,1
dis_03781,sym_00177,1.5048,0.5016,3,156,1
dis_03781,sym_00211,2.0547,0.6849,3,213,1
dis_03781,sym_00327,1.389,0.463,3,144,1
dis_03781,sym_00371,1.6689,0.5563,3,173,1
dis_03781,sym_00373,2.122,0.5305,4,165,1
dis_03793,sym_00029,1.5153,0.5051,3,866,2
dis_03793,sym_00032,1.5099,0.5033,3,863,2
dis_03793,sym_00116,1.9833,0.6611,3,1135,2
dis_03793,sym_00172,1.5063,0.5021,3,861,2
dis_03793,sym_00173,1.5111,0.5037,3,864,2
dis_03793,sym_00174,1.482,0.494,3,847,2
dis_03793,sym_00252,1.5762,0.5254,3,901,2
dis_03793,sym_00292,2.6085,0.5217,5,895,2
dis_03793,sym_00319,1.5498,0.5166,3,886,2
dis_03793,sym_00479,1.56,0.52,3,892,2
dis_03793,sym_00481,1.5756,0.5252,3,901,2
dis_03799,sym_00167,3.0,1.0,3,3,1
dis_03799,sym_00222,2.0001,0.6667,3,2,1
dis_03799,sym_00396,3.0,1.0,3,3,1
dis_03801,sym_00008,1.4628,0.4876,3,296,1
dis_03801,sym_00048,1.5471,0.5157,3,313,1
dis_03801,sym_00070,1.5174,0.5058,3,307,1
dis_03801,sym_00099,1.374,0.458,3,278,1
dis_03801,sym_00106,2.1597,0.7199,3,437,1
dis_03801,sym_00216,1.4136,0.4712,3,286,1
dis_03801,sym_00239,1.5174,0.5058,3,307,1
dis_03801,sym_00307,1.5123,0.5041,3,306,1
dis_03801,sym_00407,1.4778,0.4926,3,299,1
dis_03801,sym_00431,1.5717,0.5239,3,318,1
dis_03821,sym_00289,2.5165,0.5033,5,76,1
dis_03821,sym_00327,2.4237,0.8079,3,122,1
dis_03821,sym_00360,1.5498,0.5166,3,78,1
dis_03821,sym_00370,2.1456,0.7152,3,108,1
dis_03821,sym_00371,2.2449,0.7483,3,113,1
dis_03821,sym_00464,3.477,0.6954,5,105,1
dis_03822,sym_00003,2.3478,0.7826,3,108,1
dis_03822,sym_00096,1.413,0.471,3,65,1
dis_03822,sym_00248,1.8477,0.6159,3,85,1
dis_03822,sym_00385,1.7175,0.5725,3,79,1
dis_03822,sym_00405,1.9131,0.6377,3,88,1
dis_03822,sym_00442,2.6958,0.8986,3,124,1
dis_03822,sym_00447,1.5651,0.5217,3,72,1
dis_03823,sym_00053,2.1666,0.7222,3,13,1
dis_03823,sym_00140,2.6668,0.6667,4,12,1
dis_03823,sym_00211,2.8332,0.9444,3,17,1
dis_03823,sym_00373,2.8888,0.7222,4,13,1
dis_03828,sym_00048,1.5216,0.5072,3,35,1
dis_03828,sym_00099,1.5216,0.5072,3,35,1
dis_03828,sym_00161,1.4349,0.4783,3,33,1
dis_03828,sym_00211,2.3913,0.7971,3,55,1
dis_03828,sym_00307,1.7391,0.5797,3,40,1
dis_03828,sym_00431,2.1303,0.7101,3,49,1
dis_03840,sym_00029,2.0481,0.6827,3,71,1
dis_03840,sym_00105,3.6152,0.9038,4,94,1
dis_03840,sym_00154,1.5576,0.5192,3,54,1
dis_03840,sym_00176,1.7019,0.5673,3,59,1
dis_03840,sym_00292,2.8365,0.5673,5,59,1
dis_03840,sym_00464,3.702,0.7404,5,77,1
dis_03843,sym_00048,2.2446,0.7482,3,104,1
dis_03843,sym_00083,1.5972,0.5324,3,74,1
dis_03843,sym_00199,2.4174,0.8058,3,112,1
dis_03843,sym_00238,2.2014,0.7338,3,102,1
dis_03843,sym_00337,1.5324,0.5108,3,71,1
dis_03843,sym_00368,1.5324,0.5108,3,71,1
dis_03851,sym_00178,1.7628,0.5876,3,57,1
dis_03851,sym_00224,2.598,0.866,3,84,1
dis_03851,sym_00322,1.8867,0.6289,3,61,1
dis_03851,sym_00458,1.6083,0.5361,3,52,1
dis_03851,sym_00460,2.7216,0.9072,3,88,1
dis_03851,sym_00466,1.5774,0.5258,3,51,1
dis_03852,sym_00304,2.3721,0.7907,3,34,1
dis_03852,sym_00322,1.1859,0.3953,3,17,1
dis_03852,sym_00370,2.1627,0.7209,3,31,1
dis_03852,sym_00460,2.6511,0.8837,3,38,1
dis_03855,sym_00035,2.7,0.9,3,108,1
dis_03855,sym_00105,3.8,0.95,4,114,1
dis_03855,sym_00251,3.8,0.95,4,114,1
dis_03855,sym_00292,4.75,0.95,5,114,1
dis_03855,sym_00471,6.3,0.9,7,108,1
dis_03856,sym_00289,3.3465,0.6693,5,257,1
dis_03856,sym_00305,1.9686,0.6562,3,252,1
dis_03856,sym_00314,2.1249,0.7083,3,272,1
dis_03856,sym_00322,1.5858,0.5286,3,203,1
dis_03856,sym_00370,1.5858,0.5286,3,203,1
dis_03856,sym_00416,1.4298,0.4766,3,183,1
dis_03856,sym_00458,1.5,0.5,3,192,1
dis_03856,sym_00460,1.9845,0.6615,3,254,1
dis_03857,sym_00099,2.031,0.677,3,459,1
dis_03857,sym_00131,1.5177,0.5059,3,343,1
dis_03857,sym_00135,2.0397,0.6799,3,461,1
dis_03857,sym_00161,1.5441,0.5147,3,349,1
dis_03857,sym_00239,1.5618,0.5206,3,353,1
dis_03857,sym_00270,1.5708,0.5236,3,355,1
dis_03857,sym_00307,1.5132,0.5044,3,342,1
dis_03857,sym_00385,1.4292,0.4764,3,323,1
dis_03857,sym_00425,1.5399,0.5133,3,348,1
dis_03857,sym_00431,1.5,0.5,3,339,1
dis_03894,sym_00140,3.8,0.95,4,114,1
dis_03894,sym_00176,2.85,0.95,3,114,1
dis_03894,sym_00181,6.65,0.95,7,114,1
dis_03894,sym_00217,0.95,0.95,1,114,1
dis_03894,sym_00246,1.9,0.95,2,114,1
dis_03894,sym_00250,3.8,0.95,4,114,1
dis_03894,sym_00267,6.0,1.0,6,120,1
dis_03894,sym_00274,4.75,0.95,5,114,1
dis_03894,sym_00355,3.0,1.0,3,120,1
dis_03894,sym_00395,2.85,0.95,3,114,1
dis_03894,sym_00418,5.7,0.95,6,114,1
dis_03895,sym_00003,1.5,0.5,3,52,1
dis_03895,sym_00080,3.346,0.8365,4,87,1
dis_03895,sym_00147,1.7307,0.5769,3,60,1
dis_03895,sym_00219,1.7595,0.5865,3,61,1
dis_03895,sym_00309,2.5674,0.8558,3,89,1
dis_03895,sym_00395,1.6731,0.5577,3,58,1
dis_03922,sym_00261,1.6728,0.5576,3,92,1
dis_03922,sym_00322,2.4183,0.8061,3,133,1
dis_03922,sym_00370,2.0544,0.6848,3,113,1
dis_03922,sym_00458,1.9455,0.6485,3,107,1
dis_03922,sym_00460,2.3454,0.7818,3,129,1
dis_03922,sym_00461,1.5819,0.5273,3,87,1
dis_03924,sym_00035,1.5498,0.5166,3,1244,2
dis_03924,sym_00062,1.5423,0.5141,3,1238,2
dis_03924,sym_00262,1.5099,0.5033,3,1212,2
dis_03924,sym_00289,2.5,0.5,5,1204,2
dis_03924,sym_00360,1.5174,0.5058,3,1218,2
dis_03924,sym_00370,1.545,0.515,3,1240,2
dis_03924,sym_00371,1.4427,0.4809,3,1158,2
dis_03924,sym_00380,1.5498,0.5166,3,1244,2
dis_03924,sym_00413,1.4328,0.4776,3,1150,2
dis_03924,sym_00435,1.5174,0.5058,3,1218,2
dis_03924,sym_00455,1.4802,0.4934,3,1188,2
dis_03924,sym_00464,2.604,0.5208,5,1254,2
dis_03925,sym_00069,1.5579,0.5193,3,229,1
dis_03925,sym_00086,2.0409,0.6803,3,300,1
dis_03925,sym_00224,2.34,0.78,3,344,1
dis_03925,sym_00289,2.483,0.4966,5,219,1
dis_03925,sym_00370,1.6191,0.5397,3,238,1
dis_03925,sym_00371,1.4967,0.4989,3,220,1
dis_03925,sym_00380,1.5987,0.5329,3,235,1
dis_03925,sym_00455,1.4217,0.4739,3,209,1
dis_03925,sym_00464,2.6075,0.5215,5,230,1
dis_03927,sym_00098,2.8065,0.9355,3,29,1
dis_03927,sym_00284,1.5483,0.5161,3,16,1
dis_03927,sym_00288,5.0,1.0,5,31,1
dis_03927,sym_00345,2.3226,0.7742,3,24,1
dis_03937,sym_00056,1.4151,0.4717,3,25,1
dis_03937,sym_00233,1.698,0.566,3,30,1
dis_03937,sym_00235,1.4718,0.4906,3,26,1
dis_03937,sym_00236,2.3775,0.7925,3,42,1
dis_03937,sym_00242,1.4718,0.4906,3,26,1
dis_03937,sym_00337,2.0376,0.6792,3,36,1
dis_03943,sym_00099,1.7763,0.5921,3,45,1
dis_03943,sym_00106,2.4078,0.8026,3,61,1
dis_03943,sym_00284,2.4078,0.8026,3,61,1
dis_03943,sym_00307,2.1711,0.7237,3,55,1
dis_03943,sym_00407,1.6578,0.5526,3,42,1
dis_03962,sym_00033,1.9722,0.6574,3,1122,2
dis_03962,sym_00035,1.5216,0.5072,3,864,2
dis_03962,sym_00036,1.5231,0.5077,3,865,2
dis_03962,sym_00168,1.4931,0.4977,3,848,2
dis_03962,sym_00184,1.5351,0.5117,3,872,2
dis_03962,sym_00242,1.4673,0.4891,3,833,2
dis_03962,sym_00252,1.4835,0.4945,3,843,2
dis_03962,sym_00255,1.5612,0.5204,3,887,2
dis_03962,sym_00262,1.5162,0.5054,3,861,2
dis_03962,sym_00292,2.544,0.5088,5,867,2
dis_03962,sym_00380,1.5846,0.5282,3,900,2
dis_03963,sym_00002,3.8,0.95,4,114,1
dis_03963,sym_00217,0.95,0.95,1,114,1
dis_03963,sym_00250,3.8,0.95,4,114,1
dis_03963,sym_00289,4.75,0.95,5,114,1
dis_03963,sym_00464,4.75,0.95,5,114,1
dis_03963,sym_00485,3.8,0.95,4,114,1
dis_03963,sym_00486,2.85,0.95,3,114,1
dis_03964,sym_00052,1.5159,0.5053,3,879,2
dis_03964,sym_00062,1.4844,0.4948,3,861,2
dis_03964,sym_00066,1.5198,0.5066,3,881,2
dis_03964,sym_00076,2.052,0.513,4,893,2
dis_03964,sym_00261,1.5843,0.5281,3,919,2
dis_03964,sym_00289,2.471,0.4942,5,860,2
dis_03964,sym_00310,1.5399,0.5133,3,893,2
dis_03964,sym_00353,1.5207,0.5069,3,882,2
dis_03964,sym_00362,1.9041,0.6347,3,1106,2
dis_03964,sym_00370,1.4829,0.4943,3,860,2
dis_03964,sym_00464,2.616,0.5232,5,910,2
dis_03969,sym_00099,1.509,0.503,3,336,1
dis_03969,sym_00128,1.464,0.488,3,326,1
dis_03969,sym_00161,1.4325,0.4775,3,319,1
dis_03969,sym_00216,2.0478,0.6826,3,456,1
dis_03969,sym_00239,1.464,0.488,3,326,1
dis_03969,sym_00270,1.482,0.494,3,330,1
dis_03969,sym_00307,1.5405,0.5135,3,343,1
dis_03969,sym_00407,1.5585,0.5195,3,347,1
dis_03969,sym_00431,1.491,0.497,3,332,1
dis_03969,sym_00476,1.9626,0.6542,3,437,1
dis_03973,sym_00105,4.0,1.0,4,18,1
dis_03973,sym_00252,1.8333,0.6111,3,11,1
dis_03973,sym_00337,2.4999,0.8333,3,15,1
dis_03973,sym_00470,1.8333,0.6111,3,11,1
dis_03975,sym_00140,3.2,0.8,4,8,1
dis_03975,sym_00142,2.1,0.7,3,7,1
dis_03975,sym_00327,1.8,0.6,3,6,1
dis_03975,sym_00373,1.6,0.4,4,4,1
dis_03975,sym_00435,1.5,0.5,3,5,1
dis_03976,sym_00035,1.68,0.56,3,84,1
dis_03976,sym_00184,1.4001,0.4667,3,70,1
dis_03976,sym_00227,1.2999,0.4333,3,65,1
dis_03976,sym_00233,1.7001,0.5667,3,85,1
dis_03976,sym_00234,1.44,0.48,3,72,1
dis_03976,sym_00235,1.5999,0.5333,3,80,1
dis_03976,sym_00236,1.56,0.52,3,78,1
dis_03976,sym_00242,1.68,0.56,3,84,1
dis_03976,sym_00244,1.5201,0.5067,3,76,1
dis_03985,sym_00068,1.4622,0.4874,3,837,2
dis_03985,sym_00075,1.5036,0.5012,3,861,2
dis_03985,sym_00079,1.5921,0.5307,3,912,2
dis_03985,sym_00080,2.1048,0.5262,4,904,2
dis_03985,sym_00081,1.5915,0.5305,3,911,2
dis_03985,sym_00147,1.5021,0.5007,3,860,2
dis_03985,sym_00288,2.6015,0.5203,5,894,2
dis_03985,sym_00371,2.0262,0.6754,3,1162,2
dis_03985,sym_00373,1.9516,0.4879,4,838,2
dis_03985,sym_00405,1.4913,0.4971,3,854,2
dis_03985,sym_00475,1.5486,0.5162,3,887,2
dis_03986,sym_00016,1.5111,0.5037,3,337,1
dis_03986,sym_00080,2.6428,0.6607,4,442,1
dis_03986,sym_00112,1.5021,0.5007,3,335,1
dis_03986,sym_00147,1.6053,0.5351,3,358,1
dis_03986,sym_00150,1.4664,0.4888,3,327,1
dis_03986,sym_00288,2.556,0.5112,5,342,1
dis_03986,sym_00313,1.9416,0.6472,3,433,1
dis_03986,sym_00329,1.5021,0.5007,3,335,1
dis_03986,sym_00343,1.5291,0.5097,3,341,1
dis_03986,sym_00356,1.5111,0.5037,3,337,1
dis_03988,sym_00012,1.5996,0.5332,3,361,1
dis_03988,sym_00035,1.551,0.517,3,350,1
dis_03988,sym_00176,1.5066,0.5022,3,340,1
dis_03988,sym_00184,1.4844,0.4948,3,335,1
dis_03988,sym_00233,1.5243,0.5081,3,344,1
dis_03988,sym_00242,1.9941,0.6647,3,450,1
dis_03988,sym_00255,1.6086,0.5362,3,363,1
dis_03988,sym_00322,2.0031,0.6677,3,452,1
dis_03988,sym_00370,1.4712,0.4904,3,332,1
dis_03988,sym_00376,1.4403,0.4801,3,325,1
dis_03989,sym_00011,1.6365,0.5455,3,162,1
dis_03989,sym_00012,1.596,0.532,3,158,1
dis_03989,sym_00035,2.1516,0.7172,3,213,1
dis_03989,sym_00093,2.1213,0.7071,3,210,1
dis_03989,sym_00289,2.946,0.5892,5,175,1
dis_03989,sym_00370,1.596,0.532,3,158,1
dis_03989,sym_00385,2.2323,0.7441,3,221,1
dis_03989,sym_00464,2.778,0.5556,5,165,1
dis_03991,sym_00068,1.6509,0.5503,3,93,1
dis_03991,sym_00105,2.6744,0.6686,4,113,1
dis_03991,sym_00197,1.491,0.497,3,84,1
dis_03991,sym_00317,2.0356,0.5089,4,86,1
dis_03991,sym_00371,1.491,0.497,3,84,1
dis_03991,sym_00373,1.8936,0.4734,4,80,1
dis_03991,sym_00439,2.6094,0.8698,3,147,1
dis_03992,sym_00075,1.5615,0.5205,3,342,1
dis_03992,sym_00080,2.7884,0.6971,4,458,1
dis_03992,sym_00112,1.9908,0.6636,3,436,1
dis_03992,sym_00136,1.4886,0.4962,3,326,1
dis_03992,sym_00147,1.4841,0.4947,3,325,1
dis_03992,sym_00166,1.5342,0.5114,3,336,1
dis_03992,sym_00176,1.5708,0.5236,3,344,1
dis_03992,sym_00313,1.5708,0.5236,3,344,1
dis_03992,sym_00382,1.5252,0.5084,3,334,1
dis_03992,sym_00405,1.5204,0.5068,3,333,1
dis_03993,sym_00387,3.0,1.0,3,1,1
dis_03993,sym_00393,3.0,1.0,3,1,1
dis_03999,sym_00001,1.6587,0.5529,3,183,1
dis_03999,sym_00052,2.1207,0.7069,3,234,1
dis_03999,sym_00327,1.6404,0.5468,3,181,1
dis_03999,sym_00359,1.5498,0.5166,3,171,1
dis_03999,sym_00360,1.5498,0.5166,3,171,1
dis_03999,sym_00370,1.4955,0.4985,3,165,1
dis_03999,sym_00373,2.1872,0.5468,4,181,1
dis_03999,sym_00455,2.0847,0.6949,3,230,1
dis_03999,sym_00465,2.3022,0.7674,3,254,1
dis_04012,sym_00053,2.4,0.8,3,72,1
dis_04012,sym_00131,1.4334,0.4778,3,43,1
dis_04012,sym_00235,2.1333,0.7111,3,64,1
dis_04012,sym_00242,1.5,0.5,3,45,1
dis_04012,sym_00273,2.1999,0.7333,3,66,1
dis_04030,sym_00247,1.5312,0.5104,3,98,1
dis_04030,sym_00248,2.172,0.724,3,139,1
dis_04030,sym_00278,2.1564,0.7188,3,138,1
dis_04030,sym_00395,1.6563,0.5521,3,106,1
dis_04030,sym_00396,2.5155,0.8385,3,161,1
dis_04030,sym_00405,1.6407,0.5469,3,105,1
dis_04030,sym_00460,1.4376,0.4792,3,92,1
dis_04039,sym_00052,1.5663,0.5221,3,177,1
dis_04039,sym_00093,1.5663,0.5221,3,177,1
dis_04039,sym_00148,2.3718,0.7906,3,268,1
dis_04039,sym_00177,1.5222,0.5074,3,172,1
dis_04039,sym_00310,1.9911,0.6637,3,225,1
dis_04039,sym_00353,1.5222,0.5074,3,172,1
dis_04039,sym_00370,2.0886,0.6962,3,236,1
dis_04039,sym_00455,1.416,0.472,3,160,1
dis_04041,sym_00052,1.8,0.6,3,9,1
dis_04041,sym_00107,0.8001,0.2667,3,4,1
dis_04041,sym_00272,1.4001,0.4667,3,7,1
dis_04041,sym_00310,1.4001,0.4667,3,7,1
dis_04041,sym_00353,2.1999,0.7333,3,11,1
dis_04041,sym_00370,1.5999,0.5333,3,8,1
dis_04047,sym_00022,3.0,1.0,3,120,1
dis_04047,sym_00067,7.0,1.0,7,120,1
dis_04047,sym_00069,2.2308,0.7436,3,1216,3
dis_04047,sym_00074,5.0,1.0,5,120,1
dis_04047,sym_00078,3.8,0.95,4,114,1
dis_04047,sym_00079,1.5195,0.5065,3,870,2
dis_04047,sym_00080,2.6548,0.6637,4,1008,3
dis_04047,sym_00112,1.6023,0.5341,3,917,2
dis_04047,sym_00140,3.8,0.95,4,114,1
dis_04047,sym_00147,1.5459,0.5153,3,885,2
dis_04047,sym_00149,1.53,0.51,3,876,2
dis_04047,sym_00176,2.0067,0.6689,3,1022,3
dis_04047,sym_00181,6.65,0.95,7,114,1
dis_04047,sym_00267,5.7,0.95,6,114,1
dis_04047,sym_00282,2.0,1.0,2,120,1
dis_04047,sym_00288,3.322,0.6644,5,973,3
dis_04047,sym_00328,5.0,1.0,5,120,1
dis_04047,sym_00358,5.0,1.0,5,120,1
dis_04047,sym_00383,4.0,1.0,4,120,1
dis_04047,sym_00405,1.4565,0.4855,3,834,2
dis_04047,sym_00418,5.7,0.95,6,114,1
dis_04047,sym_00440,4.0,1.0,4,120,1
dis_04047,sym_00464,2.561,0.5122,5,880,2
dis_04047,sym_00475,1.5312,0.5104,3,877,2
dis_04054,sym_00006,1.4667,0.4889,3,1190,2
dis_04054,sym_00012,1.4568,0.4856,3,1182,2
dis_04054,sym_00029,1.5186,0.5062,3,1232,2
dis_04054,sym_00035,1.5999,0.5333,3,1298,2
dis_04054,sym_00157,1.5603,0.5201,3,1266,2
dis_04054,sym_00172,1.5036,0.5012,3,1220,2
dis_04054,sym_00242,1.5186,0.5062,3,1232,2
dis_04054,sym_00252,1.4691,0.4897,3,1192,2
dis_04054,sym_00255,1.4766,0.4922,3,1198,2
dis_04054,sym_00292,2.5965,0.5193,5,1264,2
dis_04054,sym_00319,1.5036,0.5012,3,1220,2
dis_04054,sym_00337,1.4469,0.4823,3,1174,2
dis_04055,sym_00035,1.524,0.508,3,1210,2
dis_04055,sym_00097,1.4913,0.4971,3,1184,2
dis_04055,sym_00103,1.539,0.513,3,1222,2
dis_04055,sym_00105,1.9848,0.4962,4,1182,2
dis_04055,sym_00106,1.5264,0.5088,3,1212,2
dis_04055,sym_00136,1.5165,0.5055,3,1204,2
dis_04055,sym_00176,1.5567,0.5189,3,1236,2
dis_04055,sym_00289,2.6405,0.5281,5,1258,2
dis_04055,sym_00292,2.5145,0.5029,5,1198,2
dis_04055,sym_00363,1.5114,0.5038,3,1200,2
dis_04055,sym_00397,1.5165,0.5055,3,1204,2
dis_04055,sym_00464,2.5145,0.5029,5,1198,2
dis_04056,sym_00011,2.028,0.676,3,459,1
dis_04056,sym_00090,1.458,0.486,3,330,1
dis_04056,sym_00091,1.5288,0.5096,3,346,1
dis_04056,sym_00122,1.5156,0.5052,3,343,1
dis_04056,sym_00137,1.4007,0.4669,3,317,1
dis_04056,sym_00190,1.5861,0.5287,3,359,1
dis_04056,sym_00193,1.4493,0.4831,3,328,1
dis_04056,sym_00238,1.9926,0.6642,3,451,1
dis_04056,sym_00368,1.5156,0.5052,3,343,1
dis_04056,sym_00437,1.5642,0.5214,3,354,1
dis_04058,sym_00097,1.5402,0.5134,3,307,1
dis_04058,sym_00098,1.5402,0.5134,3,307,1
dis_04058,sym_00105,1.8396,0.4599,4,275,1
dis_04058,sym_00112,1.5954,0.5318,3,318,1
dis_04058,sym_00150,1.4649,0.4883,3,292,1
dis_04058,sym_00189,2.1972,0.7324,3,438,1
dis_04058,sym_00259,1.5603,0.5201,3,311,1
dis_04058,sym_00329,1.5954,0.5318,3,318,1
dis_04058,sym_00356,1.5099,0.5033,3,301,1
dis_04058,sym_00364,1.47,0.49,3,293,1
dis_04092,sym_00031,2.3334,0.7778,3,28,1
dis_04092,sym_00173,2.7501,0.9167,3,33,1
dis_04092,sym_00238,2.1666,0.7222,3,26,1
dis_04092,sym_00371,1.6668,0.5556,3,20,1
dis_04105,sym_00098,3.0,1.0,3,13,1
dis_04105,sym_00169,1.1538,0.3846,3,5,1
dis_04105,sym_00238,1.8462,0.6154,3,8,1
dis_04105,sym_00368,2.3076,0.7692,3,10,1
dis_04126,sym_00079,1.5774,0.5258,3,912,2
dis_04126,sym_00080,2.0628,0.5157,4,894,2
dis_04126,sym_00131,1.5552,0.5184,3,899,2
dis_04126,sym_00147,1.512,0.504,3,874,2
dis_04126,sym_00216,1.5369,0.5123,3,888,2
dis_04126,sym_00239,1.488,0.496,3,860,2
dis_04126,sym_00288,2.488,0.4976,5,863,2
dis_04126,sym_00307,1.608,0.536,3,930,2
dis_04126,sym_00405,1.9212,0.6404,3,1112,2
dis_04126,sym_00425,1.5705,0.5235,3,908,2
dis_04126,sym_00476,1.5,0.5,3,867,2
dis_04127,sym_00016,1.5036,0.5012,3,1218,2
dis_04127,sym_00080,1.8964,0.4741,4,1152,2
dis_04127,sym_00099,1.4841,0.4947,3,1202,2
dis_04127,sym_00128,1.4271,0.4757,3,1156,2
dis_04127,sym_00131,1.563,0.521,3,1266,2
dis_04127,sym_00216,1.548,0.516,3,1254,2
dis_04127,sym_00239,1.5234,0.5078,3,1234,2
dis_04127,sym_00288,2.572,0.5144,5,1250,2
dis_04127,sym_00307,1.5234,0.5078,3,1234,2
dis_04127,sym_00403,1.5531,0.5177,3,1258,2
dis_04127,sym_00425,1.5135,0.5045,3,1226,2
dis_04127,sym_00431,1.5285,0.5095,3,1238,2
dis_04128,sym_00003,2.3961,0.7987,3,123,1
dis_04128,sym_00080,2.9612,0.7403,4,114,1
dis_04128,sym_00131,1.6557,0.5519,3,85,1
dis_04128,sym_00147,1.5585,0.5195,3,80,1
dis_04128,sym_00288,3.831,0.7662,5,118,1
dis_04128,sym_00405,2.2014,0.7338,3,113,1
dis_04129,sym_00080,1.9264,0.4816,4,328,1
dis_04129,sym_00099,2.0484,0.6828,3,465,1
dis_04129,sym_00131,1.4889,0.4963,3,338,1
dis_04129,sym_00147,1.4757,0.4919,3,335,1
dis_04129,sym_00216,1.4889,0.4963,3,338,1
dis_04129,sym_00239,2.0529,0.6843,3,466,1
dis_04129,sym_00288,2.555,0.511,5,348,1
dis_04129,sym_00307,1.5285,0.5095,3,347,1
dis_04129,sym_00425,1.5198,0.5066,3,345,1
dis_04129,sym_00476,1.5021,0.5007,3,341,1
dis_04130,sym_00096,3.0,1.0,3,3,1
dis_04130,sym_00145,3.0,1.0,3,3,1
dis_04130,sym_00227,2.0001,0.6667,3,2,1
dis_04133,sym_00003,1.4985,0.4995,3,865,2
dis_04133,sym_00014,1.4883,0.4961,3,859,2
dis_04133,sym_00016,1.6188,0.5396,3,935,2
dis_04133,sym_00219,1.5414,0.5138,3,890,2
dis_04133,sym_00384,1.5153,0.5051,3,875,2
dis_04133,sym_00386,1.5306,0.5102,3,884,2
dis_04133,sym_00387,1.482,0.494,3,855,2
dis_04133,sym_00388,1.9755,0.6585,3,1142,2
dis_04133,sym_00395,1.5,0.5,3,866,2
dis_04133,sym_00396,1.497,0.499,3,864,2
dis_04133,sym_00425,1.4952,0.4984,3,863,2
dis_04134,sym_00025,3.0,1.0,3,20,1
dis_04134,sym_00080,3.4,0.85,4,17,1
dis_04134,sym_00090,1.8,0.6,3,12,1
dis_04134,sym_00368,1.8,0.6,3,12,1
dis_04139,sym_00099,1.56,0.52,3,894,2
dis_04139,sym_00128,1.5417,0.5139,3,883,2
dis_04139,sym_00131,1.518,0.506,3,870,2
dis_04139,sym_00161,1.5024,0.5008,3,861,2
dis_04139,sym_00216,1.5138,0.5046,3,867,2
dis_04139,sym_00239,1.5,0.5,3,860,2
dis_04139,sym_00248,1.9011,0.6337,3,1091,2
dis_04139,sym_00307,1.5459,0.5153,3,886,2
dis_04139,sym_00407,1.6227,0.5409,3,930,2
dis_04139,sym_00425,1.431,0.477,3,820,2
dis_04139,sym_00431,1.5264,0.5088,3,874,2
dis_04140,sym_00099,2.058,0.686,3,343,1
dis_04140,sym_00131,1.458,0.486,3,243,1
dis_04140,sym_00135,1.398,0.466,3,233,1
dis_04140,sym_00161,1.554,0.518,3,259,1
dis_04140,sym_00216,2.01,0.67,3,335,1
dis_04140,sym_00239,1.554,0.518,3,259,1
dis_04140,sym_00307,1.554,0.518,3,259,1
dis_04140,sym_00431,1.596,0.532,3,266,1
dis_04140,sym_00476,1.968,0.656,3,328,1
dis_04141,sym_00099,1.5621,0.5207,3,352,1
dis_04141,sym_00106,2.028,0.676,3,457,1
dis_04141,sym_00131,1.4646,0.4882,3,330,1
dis_04141,sym_00161,1.5576,0.5192,3,351,1
dis_04141,sym_00216,1.5843,0.5281,3,357,1
dis_04141,sym_00239,1.4823,0.4941,3,334,1
dis_04141,sym_00307,1.5312,0.5104,3,345,1
dis_04141,sym_00407,1.6242,0.5414,3,366,1
dis_04141,sym_00431,1.4334,0.4778,3,323,1
dis_04141,sym_00476,1.9128,0.6376,3,431,1
dis_04150,sym_00063,1.6071,0.5357,3,60,1
dis_04150,sym_00068,1.3929,0.4643,3,52,1
dis_04150,sym_00140,2.0,0.5,4,56,1
dis_04150,sym_00211,2.2767,0.7589,3,85,1
dis_04150,sym_00240,1.4733,0.4911,3,55,1
dis_04150,sym_00317,2.1784,0.5446,4,61,1
dis_04150,sym_00371,1.5,0.5,3,56,1
dis_04150,sym_00373,1.9644,0.4911,4,55,1
dis_04167,sym_00006,1.5705,0.5235,3,178,1
dis_04167,sym_00008,2.0559,0.6853,3,233,1
dis_04167,sym_00097,2.1087,0.7029,3,239,1
dis_04167,sym_00099,1.5441,0.5147,3,175,1
dis_04167,sym_00106,1.5528,0.5176,3,176,1
dis_04167,sym_00136,2.3118,0.7706,3,262,1
dis_04167,sym_00176,1.6146,0.5382,3,183,1
dis_04167,sym_00434,1.4559,0.4853,3,165,1
dis_04191,sym_00052,1.476,0.492,3,185,1
dis_04191,sym_00062,1.4841,0.4947,3,186,1
dis_04191,sym_00093,1.4841,0.4947,3,186,1
dis_04191,sym_00289,2.686,0.5372,5,202,1
dis_04191,sym_00310,2.3538,0.7846,3,295,1
dis_04191,sym_00353,1.3563,0.4521,3,170,1
dis_04191,sym_00359,1.4919,0.4973,3,187,1
dis_04191,sym_00360,1.4919,0.4973,3,187,1
dis_04191,sym_00370,1.5957,0.5319,3,200,1
dis_04191,sym_00464,2.5135,0.5027,5,189,1
dis_04195,sym_00005,1.536,0.512,3,876,2
dis_04195,sym_00079,1.4622,0.4874,3,834,2
dis_04195,sym_00080,2.1048,0.5262,4,900,2
dis_04195,sym_00147,1.5189,0.5063,3,866,2
dis_04195,sym_00189,1.5189,0.5063,3,866,2
dis_04195,sym_00288,3.376,0.6752,5,1157,2
dis_04195,sym_00343,1.5438,0.5146,3,881,2
dis_04195,sym_00373,1.9412,0.4853,4,830,2
dis_04195,sym_00405,1.4739,0.4913,3,840,2
dis_04195,sym_00464,2.7525,0.5505,5,942,2
dis_04195,sym_00475,1.5009,0.5003,3,856,2
dis_04198,sym_00157,1.7142,0.5714,3,36,1
dis_04198,sym_00172,1.5714,0.5238,3,33,1
dis_04198,sym_00173,1.7142,0.5714,3,36,1
dis_04198,sym_00174,2.1429,0.7143,3,45,1
dis_04198,sym_00235,1.9047,0.6349,3,40,1
dis_04198,sym_00294,2.2857,0.7619,3,48,1
dis_04199,sym_00084,3.0,1.0,3,11,1
dis_04199,sym_00091,3.0,1.0,3,11,1
dis_04203,sym_00238,3.0,1.0,3,5,1
dis_04203,sym_00420,2.4,0.8,3,4,1
dis_04203,sym_00436,2.4,0.8,3,4,1
dis_04208,sym_00120,3.0,1.0,3,9,1
dis_04208,sym_00473,2.6667,0.8889,3,8,1
dis_04214,sym_00008,2.8332,0.9444,3,17,1
dis_04214,sym_00099,3.0,1.0,3,18,1
dis_04214,sym_00270,2.1666,0.7222,3,13,1
dis_04214,sym_00284,2.1666,0.7222,3,13,1
dis_04214,sym_00385,2.1666,0.7222,3,13,1
dis_04215,sym_00080,2.9332,0.7333,4,11,1
dis_04215,sym_00086,2.0001,0.6667,3,10,1
dis_04215,sym_00145,1.5999,0.5333,3,8,1
dis_04215,sym_00205,2.6001,0.8667,3,13,1
dis_04216,sym_00119,2.4999,0.8333,3,30,1
dis_04216,sym_00176,1.5,0.5,3,18,1
dis_04216,sym_00368,1.5834,0.5278,3,19,1
dis_04216,sym_00373,3.3332,0.8333,4,30,1
dis_04219,sym_00035,1.4445,0.4815,3,1174,2
dis_04219,sym_00053,1.5087,0.5029,3,1226,2
dis_04219,sym_00165,1.5357,0.5119,3,1248,2
dis_04219,sym_00207,1.5726,0.5242,3,1278,2
dis_04219,sym_00261,1.5087,0.5029,3,1226,2
dis_04219,sym_00314,1.4814,0.4938,3,1204,2
dis_04219,sym_00322,1.4151,0.4717,3,1150,2
dis_04219,sym_00362,1.4421,0.4807,3,1172,2
dis_04219,sym_00370,1.4988,0.4996,3,1218,2
dis_04219,sym_00380,1.5504,0.5168,3,1260,2
dis_04219,sym_00416,1.5111,0.5037,3,1228,2
dis_04219,sym_00430,1.5456,0.5152,3,1256,2
dis_04240,sym_00006,2.3478,0.7826,3,72,1
dis_04240,sym_00029,1.6956,0.5652,3,52,1
dis_04240,sym_00172,1.5651,0.5217,3,48,1
dis_04240,sym_00174,1.4673,0.4891,3,45,1
dis_04240,sym_00376,1.4673,0.4891,3,45,1
dis_04240,sym_00479,1.5651,0.5217,3,48,1
dis_04240,sym_00481,1.761,0.587,3,54,1
dis_04257,sym_00097,1.2,0.4,3,4,1
dis_04257,sym_00195,2.7,0.9,3,9,1
dis_04257,sym_00387,1.8,0.6,3,6,1
dis_04257,sym_00392,1.8,0.6,3,6,1
dis_04260,sym_00003,2.0751,0.6917,3,166,1
dis_04260,sym_00031,2.025,0.675,3,162,1
dis_04260,sym_00159,1.5249,0.5083,3,122,1
dis_04260,sym_00240,2.3001,0.7667,3,184,1
dis_04260,sym_00242,1.5999,0.5333,3,128,1
dis_04260,sym_00243,2.0499,0.6833,3,164,1
dis_04260,sym_00244,1.5876,0.5292,3,127,1
dis_04261,sym_00029,1.4589,0.4863,3,836,2
dis_04261,sym_00035,1.5009,0.5003,3,860,2
dis_04261,sym_00184,1.5,0.5,3,859,2
dis_04261,sym_00227,1.5462,0.5154,3,886,2
dis_04261,sym_00242,1.485,0.495,3,851,2
dis_04261,sym_00252,1.5366,0.5122,3,881,2
dis_04261,sym_00255,1.5633,0.5211,3,896,2
dis_04261,sym_00262,1.5375,0.5125,3,881,2
dis_04261,sym_00292,2.6495,0.5299,5,911,2
dis_04261,sym_00319,1.5147,0.5049,3,868,2
dis_04261,sym_00376,1.9668,0.6556,3,1129,2
dis_04263,sym_00006,1.4949,0.4983,3,298,1
dis_04263,sym_00089,1.5201,0.5067,3,303,1
dis_04263,sym_00090,1.4046,0.4682,3,280,1
dis_04263,sym_00091,1.4901,0.4967,3,297,1
dis_04263,sym_00097,1.5099,0.5033,3,301,1
dis_04263,sym_00103,1.4901,0.4967,3,297,1
dis_04263,sym_00154,1.5099,0.5033,3,301,1
dis_04263,sym_00190,1.5351,0.5117,3,306,1
dis_04263,sym_00337,1.6002,0.5334,3,319,1
dis_04263,sym_00400,2.2827,0.7609,3,455,1
dis_04264,sym_00006,1.416,0.472,3,160,1
dis_04264,sym_00089,1.5576,0.5192,3,176,1
dis_04264,sym_00091,2.0619,0.6873,3,233,1
dis_04264,sym_00103,1.4955,0.4985,3,169,1
dis_04264,sym_00154,1.5486,0.5162,3,175,1
dis_04264,sym_00190,2.0088,0.6696,3,227,1
dis_04264,sym_00204,2.3097,0.7699,3,261,1
dis_04264,sym_00337,1.416,0.472,3,160,1
dis_04267,sym_00035,3.0,1.0,3,120,1
dis_04267,sym_00069,2.85,0.95,3,114,1
dis_04267,sym_00140,3.8,0.95,4,114,1
dis_04267,sym_00176,3.0,1.0,3,120,1
dis_04267,sym_00181,6.65,0.95,7,114,1
dis_04267,sym_00227,2.85,0.95,3,114,1
dis_04267,sym_00250,4.0,1.0,4,120,1
dis_04267,sym_00267,5.7,0.95,6,114,1
dis_04267,sym_00282,1.9,0.95,2,114,1
dis_04267,sym_00289,5.0,1.0,5,120,1
dis_04267,sym_00302,4.0,1.0,4,120,1
dis_04267,sym_00355,2.85,0.95,3,114,1
dis_04267,sym_00395,2.85,0.95,3,114,1
dis_04267,sym_00464,4.75,0.95,5,114,1
dis_04268,sym_00405,3.0,1.0,3,3,1
dis_04268,sym_00479,3.0,1.0,3,3,1
dis_04272,sym_00112,1.5291,0.5097,3,1208,2
dis_04272,sym_00136,1.5672,0.5224,3,1238,2
dis_04272,sym_00169,1.5468,0.5156,3,1222,2
dis_04272,sym_00226,1.5012,0.5004,3,1186,2
dis_04272,sym_00277,1.5366,0.5122,3,1214,2
dis_04272,sym_00294,1.4961,0.4987,3,1182,2
dis_04272,sym_00308,1.5189,0.5063,3,1200,2
dis_04272,sym_00327,1.557,0.519,3,1230,2
dis_04272,sym_00361,2.5905,0.5181,5,1228,2
dis_04272,sym_00386,1.4634,0.4878,3,1156,2
dis_04272,sym_00396,1.443,0.481,3,1140,2
dis_04272,sym_00447,1.524,0.508,3,1204,2
dis_04278,sym_00011,1.5657,0.5219,3,909,2
dis_04278,sym_00025,1.4514,0.4838,3,843,2
dis_04278,sym_00089,1.5348,0.5116,3,891,2
dis_04278,sym_00090,1.5159,0.5053,3,880,2
dis_04278,sym_00091,1.4673,0.4891,3,852,2
dis_04278,sym_00103,1.9056,0.6352,3,1108,2
dis_04278,sym_00108,1.5417,0.5139,3,895,2
dis_04278,sym_00122,1.4946,0.4982,3,868,2
dis_04278,sym_00190,1.5546,0.5182,3,903,2
dis_04278,sym_00204,1.5141,0.5047,3,879,2
dis_04278,sym_00437,1.5567,0.5189,3,904,2
dis_04280,sym_00003,1.5405,0.5135,3,229,1
dis_04280,sym_00014,2.0046,0.6682,3,298,1
dis_04280,sym_00209,1.5336,0.5112,3,228,1
dis_04280,sym_00238,2.3073,0.7691,3,343,1
dis_04280,sym_00384,1.5942,0.5314,3,237,1
dis_04280,sym_00387,1.5336,0.5112,3,228,1
dis_04280,sym_00388,1.5741,0.5247,3,234,1
dis_04280,sym_00395,1.6008,0.5336,3,238,1
dis_04280,sym_00396,1.5135,0.5045,3,225,1
dis_04292,sym_00023,1.491,0.497,3,863,2
dis_04292,sym_00089,1.5243,0.5081,3,882,2
dis_04292,sym_00091,1.4724,0.4908,3,852,2
dis_04292,sym_00097,1.4982,0.4994,3,867,2
dis_04292,sym_00141,1.5327,0.5109,3,887,2
dis_04292,sym_00190,1.5348,0.5116,3,888,2
dis_04292,sym_00238,1.4742,0.4914,3,853,2
dis_04292,sym_00301,1.5417,0.5139,3,892,2
dis_04292,sym_00361,3.3255,0.6651,5,1156,2
dis_04292,sym_00368,1.5309,0.5103,3,886,2
dis_04292,sym_00437,1.5546,0.5182,3,900,2
dis_04294,sym_00005,1.5321,0.5107,3,310,1
dis_04294,sym_00016,1.5075,0.5025,3,305,1
dis_04294,sym_00026,1.4826,0.4942,3,300,1
dis_04294,sym_00136,2.2338,0.7446,3,452,1
dis_04294,sym_00176,1.5372,0.5124,3,311,1
dis_04294,sym_00288,2.438,0.4876,5,296,1
dis_04294,sym_00299,1.5765,0.5255,3,319,1
dis_04294,sym_00313,1.5519,0.5173,3,314,1
dis_04294,sym_00373,2.0496,0.5124,4,311,1
dis_04294,sym_00405,1.3641,0.4547,3,276,1
dis_04298,sym_00105,4.0,1.0,4,12,1
dis_04298,sym_00120,2.4999,0.8333,3,10,1
dis_04300,sym_00055,4.75,0.95,5,114,1
dis_04300,sym_00125,3.8,0.95,4,114,1
dis_04300,sym_00140,3.8,0.95,4,114,1
dis_04300,sym_00196,5.0,1.0,5,120,1
dis_04300,sym_00212,4.75,0.95,5,114,1
dis_04300,sym_00246,1.9,0.95,2,114,1
dis_04300,sym_00300,3.8,0.95,4,114,1
dis_04300,sym_00330,4.0,1.0,4,120,1
dis_04300,sym_00361,4.75,0.95,5,114,1
dis_04300,sym_00438,3.0,1.0,3,1,1
dis_04300,sym_00473,3.0,1.0,3,1,1
dis_04300,sym_00474,2.85,0.95,3,114,1
dis_04303,sym_00086,2.0148,0.6716,3,452,1
dis_04303,sym_00091,1.4577,0.4859,3,327,1
dis_04303,sym_00093,1.5156,0.5052,3,340,1
dis_04303,sym_00152,1.5291,0.5097,3,343,1
dis_04303,sym_00165,2.037,0.679,3,457,1
dis_04303,sym_00289,2.7045,0.5409,5,364,1
dis_04303,sym_00370,1.5291,0.5097,3,343,1
dis_04303,sym_00371,1.5246,0.5082,3,342,1
dis_04303,sym_00464,2.5335,0.5067,5,341,1
dis_04303,sym_00470,1.4844,0.4948,3,333,1
dis_04304,sym_00052,3.0,1.0,3,2,1
dis_04304,sym_00194,3.0,1.0,3,2,1
dis_04308,sym_00157,1.4934,0.4978,3,225,1
dis_04308,sym_00158,2.031,0.677,3,306,1
dis_04308,sym_00159,1.4934,0.4978,3,225,1
dis_04308,sym_00242,1.5132,0.5044,3,228,1
dis_04308,sym_00252,1.4535,0.4845,3,219,1
dis_04308,sym_00266,2.3295,0.7765,3,351,1
dis_04308,sym_00319,1.5066,0.5022,3,227,1
dis_04308,sym_00337,1.4271,0.4757,3,215,1
dis_04308,sym_00387,1.5333,0.5111,3,231,1
dis_04309,sym_00008,2.2434,0.7478,3,341,1
dis_04309,sym_00099,1.5066,0.5022,3,229,1
dis_04309,sym_00106,1.533,0.511,3,233,1
dis_04309,sym_00161,2.1183,0.7061,3,322,1
dis_04309,sym_00216,1.5132,0.5044,3,230,1
dis_04309,sym_00239,1.4802,0.4934,3,225,1
dis_04309,sym_00307,1.4343,0.4781,3,218,1
dis_04309,sym_00407,1.4868,0.4956,3,226,1
dis_04309,sym_00431,1.5132,0.5044,3,230,1
dis_04313,sym_00052,1.5087,0.5029,3,858,2
dis_04313,sym_00080,1.956,0.489,4,834,2
dis_04313,sym_00092,1.5708,0.5236,3,893,2
dis_04313,sym_00093,1.5642,0.5214,3,890,2
dis_04313,sym_00147,1.5609,0.5203,3,888,2
dis_04313,sym_00214,1.4685,0.4895,3,835,2
dis_04313,sym_00288,2.5855,0.5171,5,882,2
dis_04313,sym_00343,1.5231,0.5077,3,866,2
dis_04313,sym_00395,1.6104,0.5368,3,916,2
dis_04313,sym_00437,1.9632,0.6544,3,1118,2
dis_04313,sym_00464,2.5405,0.5081,5,867,2
dis_04331,sym_00054,4.75,0.95,5,114,1
dis_04331,sym_00076,3.8,0.95,4,114,1
dis_04331,sym_00215,5.7,0.95,6,114,1
dis_04331,sym_00303,4.75,0.95,5,114,1
dis_04331,sym_00306,5.7,0.95,6,114,1
dis_04332,sym_00018,1.2858,0.4286,3,9,1
dis_04332,sym_00020,1.857,0.619,3,13,1
dis_04332,sym_00120,2.8572,0.9524,3,20,1
dis_04332,sym_00157,1.5714,0.5238,3,11,1
dis_04333,sym_00029,1.5357,0.5119,3,43,1
dis_04333,sym_00030,1.857,0.619,3,52,1
dis_04333,sym_00090,1.4286,0.4762,3,40,1
dis_04333,sym_00116,1.2501,0.4167,3,35,1
dis_04333,sym_00118,1.9287,0.6429,3,54,1
dis_04333,sym_00214,1.893,0.631,3,53,1
dis_04333,sym_00479,1.5357,0.5119,3,43,1
dis_04334,sym_00097,2.3334,0.7778,3,14,1
dis_04334,sym_00172,1.6668,0.5556,3,10,1
dis_04334,sym_00173,2.0001,0.6667,3,12,1
dis_04334,sym_00174,1.3332,0.4444,3,8,1
dis_04334,sym_00479,1.1667,0.3889,3,7,1
dis_04335,sym_00119,2.8422,0.9474,3,18,1
dis_04335,sym_00157,1.4211,0.4737,3,9,1
dis_04335,sym_00464,5.0,1.0,5,19,1
dis_04336,sym_00011,3.0,1.0,3,6,1
dis_04336,sym_00184,2.0001,0.6667,3,4,1
dis_04336,sym_00242,2.4999,0.8333,3,5,1
dis_04337,sym_00233,3.0,1.0,3,3,1
dis_04337,sym_00234,2.0001,0.6667,3,2,1
dis_04337,sym_00235,2.0001,0.6667,3,2,1
dis_04338,sym_00233,3.0,1.0,3,3,1
dis_04338,sym_00234,3.0,1.0,3,3,1
dis_04338,sym_00235,2.0001,0.6667,3,2,1
dis_04339,sym_00029,1.7343,0.5781,3,37,1
dis_04339,sym_00030,2.0625,0.6875,3,44,1
dis_04339,sym_00031,1.8282,0.6094,3,39,1
dis_04339,sym_00291,2.2968,0.7656,3,49,1
dis_04339,sym_00376,1.5468,0.5156,3,33,1
dis_04339,sym_00479,1.6407,0.5469,3,35,1
dis_04340,sym_00035,1.8159,0.6053,3,23,1
dis_04340,sym_00119,2.6841,0.8947,3,34,1
dis_04340,sym_00242,2.9211,0.9737,3,37,1
dis_04340,sym_00255,1.8159,0.6053,3,23,1
dis_04340,sym_00292,3.684,0.7368,5,28,1
dis_04341,sym_00029,1.8,0.6,3,27,1
dis_04341,sym_00090,2.1999,0.7333,3,33,1
dis_04341,sym_00119,2.5332,0.8444,3,38,1
dis_04341,sym_00172,2.5332,0.8444,3,38,1
dis_04345,sym_00025,2.0109,0.6703,3,61,1
dis_04345,sym_00038,2.5386,0.8462,3,77,1
dis_04345,sym_00091,1.6485,0.5495,3,50,1
dis_04345,sym_00103,2.3076,0.7692,3,70,1
dis_04345,sym_00122,2.1759,0.7253,3,66,1
dis_04353,sym_00052,1.4235,0.4745,3,1152,2
dis_04353,sym_00062,1.4727,0.4909,3,1192,2
dis_04353,sym_00069,1.4952,0.4984,3,1210,2
dis_04353,sym_00076,2.1056,0.5264,4,1278,2
dis_04353,sym_00093,1.5246,0.5082,3,1234,2
dis_04353,sym_00147,1.4727,0.4909,3,1192,2
dis_04353,sym_00261,1.5372,0.5124,3,1244,2
dis_04353,sym_00289,2.541,0.5082,5,1234,2
dis_04353,sym_00370,1.5519,0.5173,3,1256,2
dis_04353,sym_00380,1.4925,0.4975,3,1208,2
dis_04353,sym_00455,1.4235,0.4745,3,1152,2
dis_04353,sym_00464,2.496,0.4992,5,1212,2
dis_04354,sym_00052,1.4532,0.4844,3,326,1
dis_04354,sym_00093,1.5111,0.5037,3,339,1
dis_04354,sym_00177,1.4979,0.4993,3,336,1
dis_04354,sym_00261,1.5066,0.5022,3,338,1
dis_04354,sym_00273,1.4844,0.4948,3,333,1
dis_04354,sym_00289,3.4025,0.6805,5,458,1
dis_04354,sym_00353,2.0238,0.6746,3,454,1
dis_04354,sym_00370,1.5333,0.5111,3,344,1
dis_04354,sym_00455,1.5378,0.5126,3,345,1
dis_04354,sym_00464,2.4295,0.4859,5,327,1
dis_04366,sym_00080,2.0788,0.5197,4,66,1
dis_04366,sym_00086,1.5828,0.5276,3,67,1
dis_04366,sym_00097,2.7402,0.9134,3,116,1
dis_04366,sym_00238,1.7952,0.5984,3,76,1
dis_04366,sym_00288,3.5825,0.7165,5,91,1
dis_04366,sym_00368,1.5354,0.5118,3,65,1
dis_04369,sym_00011,1.5621,0.5207,3,314,1
dis_04369,sym_00023,1.6419,0.5473,3,330,1
dis_04369,sym_00025,1.428,0.476,3,287,1
dis_04369,sym_00089,1.4727,0.4909,3,296,1
dis_04369,sym_00090,1.4925,0.4975,3,300,1
dis_04369,sym_00091,1.4178,0.4726,3,285,1
dis_04369,sym_00108,1.6119,0.5373,3,324,1
dis_04369,sym_00190,1.4826,0.4942,3,298,1
dis_04369,sym_00402,2.2638,0.7546,3,455,1
dis_04369,sym_00417,1.5225,0.5075,3,306,1
dis_04370,sym_00006,1.7418,0.5806,3,36,1
dis_04370,sym_00025,2.3226,0.7742,3,48,1
dis_04370,sym_00089,1.4031,0.4677,3,29,1
dis_04370,sym_00090,2.613,0.871,3,54,1
dis_04370,sym_00108,1.7418,0.5806,3,36,1
dis_04370,sym_00190,1.9356,0.6452,3,40,1
dis_04371,sym_00011,1.6656,0.5552,3,156,1
dis_04371,sym_00089,1.6014,0.5338,3,150,1
dis_04371,sym_00090,1.6227,0.5409,3,152,1
dis_04371,sym_00091,1.548,0.516,3,145,1
dis_04371,sym_00108,1.6335,0.5445,3,153,1
dis_04371,sym_00122,1.644,0.548,3,154,1
dis_04371,sym_00141,2.37,0.79,3,222,1
dis_04371,sym_00190,1.4412,0.4804,3,135,1
dis_04371,sym_00371,1.5375,0.5125,3,144,1
dis_04372,sym_00011,1.5726,0.5242,3,173,1
dis_04372,sym_00025,2.1636,0.7212,3,238,1
dis_04372,sym_00091,1.5819,0.5273,3,174,1
dis_04372,sym_00108,1.5909,0.5303,3,175,1
dis_04372,sym_00145,2.0544,0.6848,3,226,1
dis_04372,sym_00190,2.2908,0.7636,3,252,1
dis_04372,sym_00317,2.1696,0.5424,4,179,1
dis_04372,sym_00373,2.194,0.5485,4,181,1
dis_04373,sym_00011,1.5051,0.5017,3,303,1
dis_04373,sym_00025,1.4553,0.4851,3,293,1
dis_04373,sym_00089,1.4703,0.4901,3,296,1
dis_04373,sym_00090,1.4652,0.4884,3,295,1
dis_04373,sym_00091,1.4205,0.4735,3,286,1
dis_04373,sym_00108,1.5945,0.5315,3,321,1
dis_04373,sym_00122,1.4553,0.4851,3,293,1
dis_04373,sym_00204,1.5546,0.5182,3,313,1
dis_04373,sym_00361,3.659,0.7318,5,442,1
dis_04373,sym_00437,1.6191,0.5397,3,326,1
dis_04374,sym_00011,2.1201,0.7067,3,147,1
dis_04374,sym_00090,1.5144,0.5048,3,105,1
dis_04374,sym_00091,1.572,0.524,3,109,1
dis_04374,sym_00108,1.6299,0.5433,3,113,1
dis_04374,sym_00248,2.3511,0.7837,3,163,1
dis_04374,sym_00397,1.572,0.524,3,109,1
dis_04374,sym_00400,1.947,0.649,3,135,1
dis_04375,sym_00002,3.6,0.9,4,108,1
dis_04375,sym_00003,1.5111,0.5037,3,866,2
dis_04375,sym_00016,1.5768,0.5256,3,904,2
dis_04375,sym_00064,5.4,0.9,6,108,1
dis_04375,sym_00105,2.0208,0.5052,4,869,2
dis_04375,sym_00176,1.5552,0.5184,3,892,2
dis_04375,sym_00217,0.95,0.95,1,114,1
dis_04375,sym_00219,1.4991,0.4997,3,860,2
dis_04375,sym_00289,3.367,0.6734,5,1160,2
dis_04375,sym_00327,1.5537,0.5179,3,891,2
dis_04375,sym_00373,1.9544,0.4886,4,841,2
dis_04375,sym_00395,1.9587,0.6529,3,1019,3
dis_04375,sym_00409,5.4,0.9,6,108,1
dis_04375,sym_00442,1.4532,0.4844,3,833,2
dis_04375,sym_00464,2.538,0.5076,5,873,2
dis_04376,sym_00025,2.106,0.702,3,179,1
dis_04376,sym_00069,1.5294,0.5098,3,130,1
dis_04376,sym_00090,2.2707,0.7569,3,193,1
dis_04376,sym_00105,2.6196,0.6549,4,167,1
dis_04376,sym_00289,2.4705,0.4941,5,126,1
dis_04376,sym_00370,2.1177,0.7059,3,180,1
dis_04376,sym_00464,2.6865,0.5373,5,137,1
dis_04378,sym_00008,1.5402,0.5134,3,442,1
dis_04378,sym_00099,1.6098,0.5366,3,462,1
dis_04378,sym_00106,1.4844,0.4948,3,426,1
dis_04378,sym_00131,1.6029,0.5343,3,460,1
dis_04378,sym_00161,2.0454,0.6818,3,587,1
dis_04378,sym_00216,1.5123,0.5041,3,434,1
dis_04378,sym_00239,1.5924,0.5308,3,457,1
dis_04378,sym_00307,1.6203,0.5401,3,465,1
dis_04378,sym_00407,1.5402,0.5134,3,442,1
dis_04378,sym_00431,1.5504,0.5168,3,445,1
dis_04378,sym_00476,1.4424,0.4808,3,414,1
dis_04387,sym_00232,2.25,0.75,3,3,1
dis_04387,sym_00289,3.75,0.75,5,3,1
dis_04387,sym_00464,5.0,1.0,5,4,1
dis_04404,sym_00003,2.0964,0.6988,3,58,1
dis_04404,sym_00014,1.9158,0.6386,3,53,1
dis_04404,sym_00165,2.5302,0.8434,3,70,1
dis_04404,sym_00387,1.6626,0.5542,3,46,1
dis_04404,sym_00395,1.7712,0.5904,3,49,1
dis_04412,sym_00025,1.551,0.517,3,258,1
dis_04412,sym_00090,1.5993,0.5331,3,266,1
dis_04412,sym_00091,1.527,0.509,3,254,1
dis_04412,sym_00103,1.569,0.523,3,261,1
dis_04412,sym_00122,2.0562,0.6854,3,342,1
dis_04412,sym_00204,1.557,0.519,3,259,1
dis_04412,sym_00253,2.0019,0.6673,3,333,1
dis_04412,sym_00400,1.491,0.497,3,248,1
dis_04412,sym_00437,1.9839,0.6613,3,330,1
dis_04428,sym_00043,1.4376,0.4792,3,827,2
dis_04428,sym_00080,1.9888,0.4972,4,858,2
dis_04428,sym_00098,1.4565,0.4855,3,838,2
dis_04428,sym_00112,1.5213,0.5071,3,875,2
dis_04428,sym_00150,1.4874,0.4958,3,856,2
dis_04428,sym_00288,2.4385,0.4877,5,842,2
dis_04428,sym_00329,1.5261,0.5087,3,878,2
dis_04428,sym_00343,1.5633,0.5211,3,899,2
dis_04428,sym_00345,1.9719,0.6573,3,1136,2
dis_04428,sym_00356,1.566,0.522,3,901,2
dis_04428,sym_00364,1.5918,0.5306,3,916,2
dis_04429,sym_00080,1.9352,0.4838,4,328,1
dis_04429,sym_00098,1.5132,0.5044,3,342,1
dis_04429,sym_00112,1.4601,0.4867,3,330,1
dis_04429,sym_00147,1.5045,0.5015,3,340,1
dis_04429,sym_00150,2.0796,0.6932,3,470,1
dis_04429,sym_00288,2.5075,0.5015,5,340,1
dis_04429,sym_00329,1.5663,0.5221,3,354,1
dis_04429,sym_00343,1.5045,0.5015,3,340,1
dis_04429,sym_00364,1.5618,0.5206,3,353,1
dis_04429,sym_00382,1.947,0.649,3,440,1
dis_04435,sym_00011,2.1195,0.7065,3,349,1
dis_04435,sym_00014,2.0283,0.6761,3,334,1
dis_04435,sym_00025,1.5486,0.5162,3,255,1
dis_04435,sym_00086,1.506,0.502,3,248,1
dis_04435,sym_00090,1.6215,0.5405,3,267,1
dis_04435,sym_00091,1.5303,0.5101,3,252,1
dis_04435,sym_00095,1.5849,0.5283,3,261,1
dis_04435,sym_00204,2.0649,0.6883,3,340,1
dis_04435,sym_00473,1.4394,0.4798,3,237,1
dis_04444,sym_00105,2.088,0.522,4,178,1
dis_04444,sym_00205,2.2521,0.7507,3,256,1
dis_04444,sym_00261,2.0412,0.6804,3,232,1
dis_04444,sym_00289,2.6395,0.5279,5,180,1
dis_04444,sym_00305,1.3989,0.4663,3,159,1
dis_04444,sym_00322,1.4691,0.4897,3,167,1
dis_04444,sym_00370,1.5837,0.5279,3,180,1
dis_04444,sym_00458,1.962,0.654,3,223,1
dis_04448,sym_00131,1.8159,0.6053,3,23,1
dis_04448,sym_00239,1.5,0.5,3,19,1
dis_04448,sym_00307,1.6578,0.5526,3,21,1
dis_04448,sym_00431,2.3685,0.7895,3,30,1
dis_04448,sym_00476,2.9211,0.9737,3,37,1
dis_04449,sym_00003,1.4913,0.4971,3,1200,2
dis_04449,sym_00014,1.5336,0.5112,3,1234,2
dis_04449,sym_00016,1.4937,0.4979,3,1202,2
dis_04449,sym_00080,1.9584,0.4896,4,1182,2
dis_04449,sym_00209,1.5138,0.5046,3,1218,2
dis_04449,sym_00219,1.5732,0.5244,3,1266,2
dis_04449,sym_00384,1.4838,0.4946,3,1194,2
dis_04449,sym_00386,1.4988,0.4996,3,1206,2
dis_04449,sym_00387,1.5384,0.5128,3,1238,2
dis_04449,sym_00395,1.5261,0.5087,3,1228,2
dis_04449,sym_00396,1.5285,0.5095,3,1230,2
dis_04449,sym_00468,1.521,0.507,3,1224,2
dis_04450,sym_00084,2.4999,0.8333,3,5,1
dis_04450,sym_00416,3.0,1.0,3,6,1
dis_04469,sym_00080,3.8708,0.9677,4,30,1
dis_04469,sym_00120,2.4195,0.8065,3,25,1
dis_04469,sym_00371,1.3548,0.4516,3,14,1
dis_04469,sym_00373,3.8708,0.9677,4,30,1
dis_04471,sym_00080,2.6668,0.6667,4,4,1
dis_04471,sym_00242,3.0,1.0,3,6,1
dis_04471,sym_00371,3.0,1.0,3,6,1
dis_04471,sym_00373,3.3332,0.8333,4,5,1
dis_04472,sym_00103,2.1384,0.7128,3,67,1
dis_04472,sym_00105,2.5956,0.6489,4,61,1
dis_04472,sym_00176,1.5,0.5,3,47,1
dis_04472,sym_00204,2.5533,0.8511,3,80,1
dis_04472,sym_00252,1.8831,0.6277,3,59,1
dis_04478,sym_00105,2.0724,0.5181,4,43,1
dis_04478,sym_00197,1.4457,0.4819,3,40,1
dis_04478,sym_00211,2.5662,0.8554,3,71,1
dis_04478,sym_00317,3.3736,0.8434,4,70,1
dis_04478,sym_00371,1.7349,0.5783,3,48,1
dis_04478,sym_00373,2.3616,0.5904,4,49,1
dis_04479,sym_00010,2.3865,0.7955,3,70,1
dis_04479,sym_00191,2.25,0.75,3,66,1
dis_04479,sym_00205,1.5342,0.5114,3,45,1
dis_04479,sym_00457,1.8069,0.6023,3,53,1
dis_04479,sym_00460,2.2158,0.7386,3,65,1
dis_04480,sym_00038,2.5101,0.8367,3,41,1
dis_04480,sym_00178,1.7754,0.5918,3,29,1
dis_04480,sym_00207,2.8776,0.9592,3,47,1
dis_04480,sym_00451,1.1634,0.3878,3,19,1
dis_04480,sym_00457,2.0205,0.6735,3,33,1
dis_04481,sym_00062,1.5951,0.5317,3,201,1
dis_04481,sym_00178,1.4604,0.4868,3,184,1
dis_04481,sym_00191,2.4048,0.8016,3,303,1
dis_04481,sym_00201,1.5477,0.5159,3,195,1
dis_04481,sym_00205,1.5477,0.5159,3,195,1
dis_04481,sym_00261,1.6191,0.5397,3,204,1
dis_04481,sym_00312,1.5237,0.5079,3,192,1
dis_04481,sym_00322,1.5237,0.5079,3,192,1
dis_04481,sym_00370,1.4922,0.4974,3,188,1
dis_04482,sym_00099,1.869,0.623,3,38,1
dis_04482,sym_00131,1.6722,0.5574,3,34,1
dis_04482,sym_00216,1.2786,0.4262,3,26,1
dis_04482,sym_00307,1.7214,0.5738,3,35,1
dis_04482,sym_00314,2.6556,0.8852,3,54,1
dis_04482,sym_00425,1.5738,0.5246,3,32,1
dis_04485,sym_00003,1.4769,0.4923,3,224,1
dis_04485,sym_00016,1.5297,0.5099,3,232,1
dis_04485,sym_00031,2.2353,0.7451,3,339,1
dis_04485,sym_00152,1.5363,0.5121,3,233,1
dis_04485,sym_00159,1.4505,0.4835,3,220,1
dis_04485,sym_00174,1.5495,0.5165,3,235,1
dis_04485,sym_00219,2.0505,0.6835,3,311,1
dis_04485,sym_00319,1.5561,0.5187,3,236,1
dis_04485,sym_00396,1.4835,0.4945,3,225,1
dis_04489,sym_00099,2.2104,0.7368,3,14,1
dis_04489,sym_00120,2.6841,0.8947,3,17,1
dis_04489,sym_00176,3.0,1.0,3,19,1
dis_04489,sym_00307,1.8948,0.6316,3,12,1
dis_04504,sym_00168,1.5969,0.5323,3,272,1
dis_04504,sym_00262,1.4559,0.4853,3,248,1
dis_04504,sym_00268,2.0724,0.6908,3,353,1
dis_04504,sym_00309,1.5441,0.5147,3,263,1
dis_04504,sym_00314,1.9785,0.6595,3,337,1
dis_04504,sym_00362,1.9257,0.6419,3,328,1
dis_04504,sym_00370,1.5969,0.5323,3,272,1
dis_04504,sym_00380,1.5087,0.5029,3,257,1
dis_04504,sym_00420,1.5087,0.5029,3,257,1
dis_04505,sym_00091,3.0,1.0,3,10,1
dis_04505,sym_00105,4.0,1.0,4,10,1
dis_04505,sym_00120,2.1,0.7,3,7,1
dis_04506,sym_00006,1.5999,0.5333,3,40,1
dis_04506,sym_00097,1.3599,0.4533,3,34,1
dis_04506,sym_00103,1.5999,0.5333,3,40,1
dis_04506,sym_00176,1.2801,0.4267,3,32,1
dis_04506,sym_00238,2.4,0.8,3,60,1
dis_04506,sym_00286,0.9066,0.4533,2,34,1
dis_04506,sym_00368,1.5201,0.5067,3,38,1
dis_04518,sym_00053,1.5396,0.5132,3,311,1
dis_04518,sym_00126,1.5297,0.5099,3,309,1
dis_04518,sym_00165,1.5495,0.5165,3,313,1
dis_04518,sym_00194,1.5396,0.5132,3,311,1
dis_04518,sym_00207,2.2722,0.7574,3,459,1
dis_04518,sym_00253,1.6089,0.5363,3,325,1
dis_04518,sym_00304,1.4553,0.4851,3,294,1
dis_04518,sym_00309,1.4454,0.4818,3,292,1
dis_04518,sym_00362,1.4109,0.4703,3,285,1
dis_04518,sym_00433,1.5594,0.5198,3,315,1
dis_04519,sym_00096,2.6511,0.8837,3,38,1
dis_04519,sym_00147,1.6047,0.5349,3,23,1
dis_04519,sym_00278,1.4652,0.4884,3,21,1
dis_04519,sym_00395,2.3022,0.7674,3,33,1
dis_04519,sym_00464,4.186,0.8372,5,36,1
dis_04526,sym_00086,1.7922,0.5974,3,46,1
dis_04526,sym_00189,1.5975,0.5325,3,41,1
dis_04526,sym_00370,2.6883,0.8961,3,69,1
dis_04526,sym_00373,2.9092,0.7273,4,56,1
dis_04526,sym_00413,2.2986,0.7662,3,59,1
dis_04527,sym_00105,4.0,1.0,4,3,1
dis_04527,sym_00289,5.0,1.0,5,3,1
dis_04528,sym_00062,1.4199,0.4733,3,1150,2
dis_04528,sym_00068,1.5012,0.5004,3,1216,2
dis_04528,sym_00080,2.0148,0.5037,4,1224,2
dis_04528,sym_00096,1.5777,0.5259,3,1278,2
dis_04528,sym_00177,1.4988,0.4996,3,1214,2
dis_04528,sym_00289,2.5145,0.5029,5,1222,2
dis_04528,sym_00370,1.4715,0.4905,3,1192,2
dis_04528,sym_00371,1.5087,0.5029,3,1222,2
dis_04528,sym_00373,1.8964,0.4741,4,1152,2
dis_04528,sym_00405,1.5309,0.5103,3,1240,2
dis_04528,sym_00455,1.5705,0.5235,3,1272,2
dis_04528,sym_00464,2.5885,0.5177,5,1258,2
dis_04531,sym_00006,1.7232,0.5744,3,112,1
dis_04531,sym_00103,1.323,0.441,3,86,1
dis_04531,sym_00105,2.9128,0.7282,4,142,1
dis_04531,sym_00189,2.5845,0.8615,3,168,1
dis_04531,sym_00252,2.0307,0.6769,3,132,1
dis_04531,sym_00282,1.0052,0.5026,2,98,1
dis_04531,sym_00337,1.5231,0.5077,3,99,1
dis_04534,sym_00005,1.6035,0.5345,3,919,2
dis_04534,sym_00016,1.4907,0.4969,3,854,2
dis_04534,sym_00098,1.5006,0.5002,3,860,2
dis_04534,sym_00105,1.9828,0.4957,4,852,2
dis_04534,sym_00112,1.569,0.523,3,899,2
dis_04534,sym_00288,2.4435,0.4887,5,840,2
dis_04534,sym_00329,1.4817,0.4939,3,849,2
dis_04534,sym_00356,1.4901,0.4967,3,854,2
dis_04534,sym_00364,1.5825,0.5275,3,907,2
dis_04534,sym_00405,1.9248,0.6416,3,1105,2
dis_04534,sym_00428,1.4973,0.4991,3,858,2
dis_04539,sym_00006,1.8795,0.6265,3,52,1
dis_04539,sym_00025,1.6266,0.5422,3,45,1
dis_04539,sym_00030,1.5903,0.5301,3,44,1
dis_04539,sym_00176,2.6748,0.8916,3,74,1
dis_04539,sym_00361,4.1565,0.8313,5,69,1
dis_04539,sym_00368,1.6626,0.5542,3,46,1
dis_04540,sym_00084,1.5297,0.5099,3,231,1
dis_04540,sym_00099,1.4172,0.4724,3,214,1
dis_04540,sym_00106,1.629,0.543,3,246,1
dis_04540,sym_00129,1.5231,0.5077,3,230,1
dis_04540,sym_00130,1.596,0.532,3,241,1
dis_04540,sym_00209,2.0796,0.6932,3,314,1
dis_04540,sym_00238,2.265,0.755,3,342,1
dis_04540,sym_00307,1.4304,0.4768,3,216,1
dis_04540,sym_00431,1.596,0.532,3,241,1
dis_04548,sym_00090,3.0,1.0,3,13,1
dis_04548,sym_00091,2.3076,0.7692,3,10,1
dis_04548,sym_00103,2.3076,0.7692,3,10,1
dis_04548,sym_00119,2.5386,0.8462,3,11,1
dis_04634,sym_00168,1.3554,0.4518,3,89,1
dis_04634,sym_00387,2.0406,0.6802,3,134,1
dis_04634,sym_00396,2.5887,0.8629,3,170,1
dis_04634,sym_00458,2.1015,0.7005,3,138,1
dis_04634,sym_00461,1.5684,0.5228,3,103,1
dis_04634,sym_00466,1.6293,0.5431,3,107,1
dis_04634,sym_00467,1.4772,0.4924,3,97,1
dis_04635,sym_00201,1.9287,0.6429,3,18,1
dis_04635,sym_00249,1.9287,0.6429,3,18,1
dis_04635,sym_00304,2.6787,0.8929,3,25,1
dis_04635,sym_00366,1.2858,0.4286,3,12,1
dis_04635,sym_00451,1.6071,0.5357,3,15,1
dis_04639,sym_00091,3.0,1.0,3,7,1
dis_04639,sym_00120,2.5713,0.8571,3,6,1
dis_04639,sym_00122,2.1429,0.7143,3,5,1
dis_04645,sym_00047,1.701,0.567,3,55,1
dis_04645,sym_00056,2.0721,0.6907,3,67,1
dis_04645,sym_00191,2.103,0.701,3,68,1
dis_04645,sym_00264,1.4535,0.4845,3,47,1
dis_04645,sym_00311,1.8558,0.6186,3,60,1
dis_04645,sym_00459,2.4741,0.8247,3,80,1
dis_04647,sym_00047,2.1429,0.7143,3,10,1
dis_04647,sym_00205,2.7858,0.9286,3,13,1
dis_04647,sym_00264,1.7142,0.5714,3,8,1
dis_04647,sym_00311,2.1429,0.7143,3,10,1
dis_04651,sym_00012,1.5045,0.5015,3,329,1
dis_04651,sym_00029,1.5366,0.5122,3,336,1
dis_04651,sym_00035,1.4544,0.4848,3,318,1
dis_04651,sym_00176,1.5138,0.5046,3,331,1
dis_04651,sym_00184,2.0121,0.6707,3,440,1
dis_04651,sym_00242,1.5411,0.5137,3,337,1
dis_04651,sym_00255,2.1447,0.7149,3,469,1
dis_04651,sym_00282,1.0182,0.5091,2,334,1
dis_04651,sym_00292,2.538,0.5076,5,333,1
dis_04651,sym_00371,1.491,0.497,3,326,1
dis_04663,sym_00018,2.0001,0.6667,3,22,1
dis_04663,sym_00157,2.1819,0.7273,3,24,1
dis_04663,sym_00233,1.8183,0.6061,3,20,1
dis_04663,sym_00337,2.4546,0.8182,3,27,1
dis_04663,sym_00396,2.9091,0.9697,3,32,1
dis_04664,sym_00099,1.6251,0.5417,3,13,1
dis_04664,sym_00161,2.0001,0.6667,3,16,1
dis_04664,sym_00239,2.0001,0.6667,3,16,1
dis_04664,sym_00407,1.3749,0.4583,3,11,1
dis_04664,sym_00431,2.3751,0.7917,3,19,1
dis_04668,sym_00012,1.5288,0.5096,3,346,1
dis_04668,sym_00069,1.542,0.514,3,349,1
dis_04668,sym_00079,1.4979,0.4993,3,339,1
dis_04668,sym_00080,1.9792,0.4948,4,336,1
dis_04668,sym_00093,1.533,0.511,3,347,1
dis_04668,sym_00147,1.4493,0.4831,3,328,1
dis_04668,sym_00176,1.9617,0.6539,3,444,1
dis_04668,sym_00289,2.629,0.5258,5,357,1
dis_04668,sym_00405,1.9839,0.6613,3,449,1
dis_04668,sym_00464,2.4005,0.4801,5,326,1
dis_04669,sym_00152,1.4313,0.4771,3,156,1
dis_04669,sym_00174,1.5873,0.5291,3,173,1
dis_04669,sym_00289,3.777,0.7554,5,247,1
dis_04669,sym_00327,1.5228,0.5076,3,166,1
dis_04669,sym_00370,1.4862,0.4954,3,162,1
dis_04669,sym_00371,2.046,0.682,3,223,1
dis_04669,sym_00373,2.1528,0.5382,4,176,1
dis_04669,sym_00464,3.4405,0.6881,5,225,1
dis_04675,sym_00370,2.7273,0.9091,3,40,1
dis_04675,sym_00371,1.4319,0.4773,3,21,1
dis_04675,sym_00373,5.6364,1.4091,4,62,1
dis_04675,sym_00465,2.5908,0.8636,3,38,1
dis_04677,sym_00003,1.5462,0.5154,3,234,1
dis_04677,sym_00016,1.5792,0.5264,3,239,1
dis_04677,sym_00080,2.74,0.685,4,311,1
dis_04677,sym_00174,1.5198,0.5066,3,230,1
dis_04677,sym_00219,1.533,0.511,3,232,1
dis_04677,sym_00248,2.2269,0.7423,3,337,1
dis_04677,sym_00288,2.434,0.4868,5,221,1
dis_04677,sym_00395,1.4736,0.4912,3,223,1
dis_04677,sym_00464,2.467,0.4934,5,224,1
dis_04680,sym_00043,1.56,0.52,3,13,1
dis_04680,sym_00098,1.2,0.4,3,10,1
dis_04680,sym_00112,1.56,0.52,3,13,1
dis_04680,sym_00150,1.2,0.4,3,10,1
dis_04680,sym_00439,2.64,0.88,3,22,1
dis_04681,sym_00128,1.548,0.516,3,145,1
dis_04681,sym_00131,1.5906,0.5302,3,149,1
dis_04681,sym_00161,1.5054,0.5018,3,141,1
dis_04681,sym_00216,1.5693,0.5231,3,147,1
dis_04681,sym_00239,1.3878,0.4626,3,130,1
dis_04681,sym_00307,1.4946,0.4982,3,140,1
dis_04681,sym_00431,2.0391,0.6797,3,191,1
dis_04681,sym_00476,2.4555,0.8185,3,230,1
dis_04682,sym_00096,1.6773,0.5591,3,71,1
dis_04682,sym_00263,2.3385,0.7795,3,99,1
dis_04682,sym_00352,2.4567,0.8189,3,104,1
dis_04682,sym_00370,1.3701,0.4567,3,58,1
dis_04682,sym_00464,2.5985,0.5197,5,66,1
dis_04682,sym_00465,1.9134,0.6378,3,81,1
dis_04683,sym_00288,5.0,1.0,5,1,1
dis_04683,sym_00360,3.0,1.0,3,1,1
dis_04684,sym_00080,2.0512,0.5128,4,80,1
dis_04684,sym_00096,1.6155,0.5385,3,84,1
dis_04684,sym_00200,1.5384,0.5128,3,80,1
dis_04684,sym_00373,2.9232,0.7308,4,114,1
dis_04684,sym_00405,1.6539,0.5513,3,86,1
dis_04684,sym_00442,2.6346,0.8782,3,137,1
dis_04684,sym_00464,2.596,0.5192,5,81,1
dis_04685,sym_00120,2.7144,0.9048,3,19,1
dis_04685,sym_00314,2.5713,0.8571,3,18,1
dis_04685,sym_00458,1.4286,0.4762,3,10,1
dis_04689,sym_00018,1.5,0.5,3,18,1
dis_04689,sym_00020,1.5834,0.5278,3,19,1
dis_04689,sym_00021,1.5,0.5,3,18,1
dis_04689,sym_00157,1.8333,0.6111,3,22,1
dis_04689,sym_00159,1.0833,0.3611,3,13,1
dis_04689,sym_00236,1.5834,0.5278,3,19,1
dis_04689,sym_00242,1.4166,0.4722,3,17,1
dis_04690,sym_00029,1.62,0.54,3,236,1
dis_04690,sym_00030,1.4622,0.4874,3,213,1
dis_04690,sym_00031,1.5033,0.5011,3,219,1
dis_04690,sym_00116,1.5927,0.5309,3,232,1
dis_04690,sym_00118,1.5585,0.5195,3,227,1
dis_04690,sym_00376,1.5378,0.5126,3,224,1
dis_04690,sym_00377,2.0664,0.6888,3,301,1
dis_04690,sym_00479,1.4898,0.4966,3,217,1
dis_04690,sym_00480,1.3524,0.4508,3,197,1
dis_04690,sym_00481,1.6683,0.5561,3,243,1
dis_04691,sym_00011,1.47,0.49,3,220,1
dis_04691,sym_00106,1.5636,0.5212,3,234,1
dis_04691,sym_00136,1.5501,0.5167,3,232,1
dis_04691,sym_00176,1.5435,0.5145,3,231,1
dis_04691,sym_00248,2.2851,0.7617,3,342,1
dis_04691,sym_00307,2.0847,0.6949,3,312,1
dis_04691,sym_00327,1.5435,0.5145,3,231,1
dis_04691,sym_00357,1.5168,0.5056,3,227,1
dis_04691,sym_00425,1.5033,0.5011,3,225,1
dis_04692,sym_00157,2.25,0.75,3,6,1
dis_04692,sym_00159,1.125,0.375,3,3,1
dis_04692,sym_00172,1.5,0.5,3,4,1
dis_04692,sym_00173,1.5,0.5,3,4,1
dis_04692,sym_00174,1.875,0.625,3,5,1
dis_04693,sym_00018,1.7142,0.5714,3,8,1
dis_04693,sym_00020,1.7142,0.5714,3,8,1
dis_04693,sym_00157,2.3571,0.7857,3,11,1
dis_04693,sym_00158,1.5,0.5,3,7,1
dis_04693,sym_00159,1.7142,0.5714,3,8,1
dis_04693,sym_00160,1.9287,0.6429,3,9,1
dis_04694,sym_00029,1.5675,0.5225,3,58,1
dis_04694,sym_00030,1.8648,0.6216,3,69,1
dis_04694,sym_00172,1.5405,0.5135,3,57,1
dis_04694,sym_00173,1.4595,0.4865,3,54,1
dis_04694,sym_00174,1.5135,0.5045,3,56,1
dis_04694,sym_00479,1.5405,0.5135,3,57,1
dis_04694,sym_00480,1.5675,0.5225,3,58,1
dis_04694,sym_00481,1.7568,0.5856,3,65,1
dis_04695,sym_00056,2.5599,0.8533,3,64,1
dis_04695,sym_00136,1.9599,0.6533,3,49,1
dis_04695,sym_00226,1.6401,0.5467,3,41,1
dis_04695,sym_00277,1.44,0.48,3,36,1
dis_04695,sym_00307,2.28,0.76,3,57,1
dis_04695,sym_00327,1.7601,0.5867,3,44,1
dis_04696,sym_00018,1.4382,0.4794,3,325,1
dis_04696,sym_00020,1.5618,0.5206,3,353,1
dis_04696,sym_00184,1.5354,0.5118,3,347,1
dis_04696,sym_00233,1.4778,0.4926,3,334,1
dis_04696,sym_00235,1.5441,0.5147,3,349,1
dis_04696,sym_00236,1.9866,0.6622,3,449,1
dis_04696,sym_00242,1.4559,0.4853,3,329,1
dis_04696,sym_00243,1.9248,0.6416,3,435,1
dis_04696,sym_00244,1.5132,0.5044,3,342,1
dis_04696,sym_00337,1.5264,0.5088,3,345,1
dis_04697,sym_00116,2.1219,0.7073,3,29,1
dis_04697,sym_00184,1.6098,0.5366,3,22,1
dis_04697,sym_00242,1.6098,0.5366,3,22,1
dis_04697,sym_00255,1.317,0.439,3,18,1
dis_04697,sym_00262,2.2683,0.7561,3,31,1
dis_04698,sym_00056,2.6202,0.8734,3,69,1
dis_04698,sym_00184,2.2026,0.7342,3,58,1
dis_04698,sym_00233,1.8228,0.6076,3,48,1
dis_04698,sym_00235,1.7088,0.5696,3,45,1
dis_04698,sym_00242,1.671,0.557,3,44,1
dis_04698,sym_00245,1.7847,0.5949,3,47,1
dis_04699,sym_00012,1.614,0.538,3,99,1
dis_04699,sym_00035,1.5978,0.5326,3,98,1
dis_04699,sym_00097,2.4621,0.8207,3,151,1
dis_04699,sym_00168,1.4022,0.4674,3,86,1
dis_04699,sym_00184,1.4673,0.4891,3,90,1
dis_04699,sym_00233,2.25,0.75,3,138,1
dis_04699,sym_00242,1.4349,0.4783,3,88,1
dis_04700,sym_00012,1.5204,0.5068,3,447,1
dis_04700,sym_00034,1.5714,0.5238,3,462,1
dis_04700,sym_00035,1.5849,0.5283,3,466,1
dis_04700,sym_00056,1.5579,0.5193,3,458,1
dis_04700,sym_00184,1.5135,0.5045,3,445,1
dis_04700,sym_00192,1.5579,0.5193,3,458,1
dis_04700,sym_00363,1.5849,0.5283,3,466,1
dis_04700,sym_00371,1.5579,0.5193,3,458,1
dis_04700,sym_00373,2.6576,0.6644,4,586,1
dis_04700,sym_00376,1.5033,0.5011,3,442,1
dis_04700,sym_00380,1.5681,0.5227,3,461,1
dis_04701,sym_00029,1.5369,0.5123,3,83,1
dis_04701,sym_00030,1.5369,0.5123,3,83,1
dis_04701,sym_00056,1.5927,0.5309,3,86,1
dis_04701,sym_00294,2.4999,0.8333,3,135,1
dis_04701,sym_00376,1.611,0.537,3,87,1
dis_04701,sym_00377,1.389,0.463,3,75,1
dis_04701,sym_00378,1.9443,0.6481,3,105,1
dis_04702,sym_00091,2.7231,0.9077,3,59,1
dis_04702,sym_00098,1.8,0.6,3,39,1
dis_04702,sym_00108,2.3538,0.7846,3,51,1
dis_04702,sym_00176,1.6614,0.5538,3,36,1
dis_04702,sym_00464,3.923,0.7846,5,51,1
dis_04703,sym_00035,1.5777,0.5259,3,142,1
dis_04703,sym_00056,2.0889,0.6963,3,188,1
dis_04703,sym_00173,2.3556,0.7852,3,212,1
dis_04703,sym_00184,1.4778,0.4926,3,133,1
dis_04703,sym_00243,1.3557,0.4519,3,122,1
dis_04703,sym_00255,1.7001,0.5667,3,153,1
dis_04703,sym_00292,2.7965,0.5593,5,151,1
dis_04703,sym_00322,1.5333,0.5111,3,138,1
dis_04717,sym_00080,4.0,1.0,4,5,1
dis_04717,sym_00112,1.8,0.6,3,3,1
dis_04717,sym_00232,3.0,1.0,3,5,1
dis_04726,sym_00119,2.7501,0.9167,3,11,1
dis_04726,sym_00157,2.4999,0.8333,3,10,1
dis_04726,sym_00371,3.0,1.0,3,12,1
dis_04737,sym_00101,5.4,0.9,6,108,1
dis_04737,sym_00217,0.9,0.9,1,108,1
dis_04737,sym_00297,3.6,0.9,4,108,1
dis_04737,sym_00395,2.7,0.9,3,108,1
dis_04738,sym_00003,1.485,0.495,3,1200,2
dis_04738,sym_00014,1.5051,0.5017,3,1216,2
dis_04738,sym_00209,1.5273,0.5091,3,1234,2
dis_04738,sym_00219,1.5,0.5,3,1212,2
dis_04738,sym_00223,1.4877,0.4959,3,1202,2
dis_04738,sym_00322,1.5297,0.5099,3,1236,2
dis_04738,sym_00384,1.4382,0.4794,3,1162,2
dis_04738,sym_00385,1.5546,0.5182,3,1256,2
dis_04738,sym_00386,1.4553,0.4851,3,1176,2
dis_04738,sym_00387,1.5249,0.5083,3,1232,2
dis_04738,sym_00395,1.5321,0.5107,3,1238,2
dis_04738,sym_00396,1.458,0.486,3,1178,2
dis_04739,sym_00003,1.5021,0.5007,3,342,1
dis_04739,sym_00014,1.9986,0.6662,3,455,1
dis_04739,sym_00209,1.5243,0.5081,3,347,1
dis_04739,sym_00219,1.5636,0.5212,3,356,1
dis_04739,sym_00223,1.9284,0.6428,3,439,1
dis_04739,sym_00384,1.4715,0.4905,3,335,1
dis_04739,sym_00387,1.5681,0.5227,3,357,1
dis_04739,sym_00395,1.5462,0.5154,3,352,1
dis_04739,sym_00396,1.3968,0.4656,3,318,1
dis_04739,sym_00446,1.5372,0.5124,3,350,1
dis_04740,sym_00080,4.0,1.0,4,6,1
dis_04740,sym_00120,3.0,1.0,3,6,1
dis_04741,sym_00025,3.0,1.0,3,11,1
dis_04741,sym_00047,1.6365,0.5455,3,6,1
dis_04741,sym_00120,1.3635,0.4545,3,5,1
dis_04741,sym_00311,1.6365,0.5455,3,6,1
dis_04747,sym_00035,1.5963,0.5321,3,913,2
dis_04747,sym_00062,1.5609,0.5203,3,893,2
dis_04747,sym_00177,1.5195,0.5065,3,869,2
dis_04747,sym_00262,1.5372,0.5124,3,879,2
dis_04747,sym_00289,2.584,0.5168,5,887,2
dis_04747,sym_00360,1.9479,0.6493,3,1116,2
dis_04747,sym_00370,1.5183,0.5061,3,869,2
dis_04747,sym_00371,1.4571,0.4857,3,833,2
dis_04747,sym_00380,1.5315,0.5105,3,876,2
dis_04747,sym_00455,1.5489,0.5163,3,886,2
dis_04747,sym_00464,2.45,0.49,5,841,2
dis_04753,sym_00157,1.5555,0.5185,3,350,1
dis_04753,sym_00171,1.4577,0.4859,3,328,1
dis_04753,sym_00172,1.5333,0.5111,3,345,1
dis_04753,sym_00232,1.9911,0.6637,3,448,1
dis_04753,sym_00233,1.4889,0.4963,3,335,1
dis_04753,sym_00235,1.5243,0.5081,3,343,1
dis_04753,sym_00242,1.9599,0.6533,3,441,1
dis_04753,sym_00385,1.5468,0.5156,3,348,1
dis_04753,sym_00478,1.5066,0.5022,3,339,1
dis_04753,sym_00481,1.4934,0.4978,3,336,1
dis_04756,sym_00370,3.0,1.0,3,1,1
dis_04756,sym_00479,3.0,1.0,3,1,1
dis_04759,sym_00062,1.4535,0.4845,3,329,1
dis_04759,sym_00093,2.0103,0.6701,3,455,1
dis_04759,sym_00147,1.458,0.486,3,330,1
dis_04759,sym_00176,2.028,0.676,3,459,1
dis_04759,sym_00289,2.4965,0.4993,5,339,1
dis_04759,sym_00360,1.5066,0.5022,3,341,1
dis_04759,sym_00370,1.5288,0.5096,3,346,1
dis_04759,sym_00371,1.4535,0.4845,3,329,1
dis_04759,sym_00464,2.4595,0.4919,5,334,1
dis_04759,sym_00465,1.4712,0.4904,3,333,1
dis_04761,sym_00052,1.9413,0.6471,3,442,1
dis_04761,sym_00062,1.4055,0.4685,3,320,1
dis_04761,sym_00066,2.0205,0.6735,3,460,1
dis_04761,sym_00177,1.5372,0.5124,3,350,1
dis_04761,sym_00289,2.533,0.5066,5,346,1
dis_04761,sym_00370,1.5372,0.5124,3,350,1
dis_04761,sym_00371,1.4757,0.4919,3,336,1
dis_04761,sym_00455,1.5549,0.5183,3,354,1
dis_04761,sym_00464,2.5915,0.5183,5,354,1
dis_04761,sym_00465,1.59,0.53,3,362,1
dis_04762,sym_00088,3.6,0.9,4,108,1
dis_04762,sym_00094,5.7,0.95,6,114,1
dis_04762,sym_00415,2.7,0.9,3,108,1
dis_04762,sym_00464,4.5,0.9,5,108,1
dis_04763,sym_00062,1.4664,0.4888,3,219,1
dis_04763,sym_00068,1.5468,0.5156,3,231,1
dis_04763,sym_00080,3.018,0.7545,4,338,1
dis_04763,sym_00096,1.9353,0.6451,3,289,1
dis_04763,sym_00189,1.5,0.5,3,224,1
dis_04763,sym_00289,2.3325,0.4665,5,209,1
dis_04763,sym_00359,1.5537,0.5179,3,232,1
dis_04763,sym_00360,1.5537,0.5179,3,232,1
dis_04763,sym_00370,1.6407,0.5469,3,245,1
dis_04763,sym_00371,1.5267,0.5089,3,228,1
dis_04766,sym_00052,1.5519,0.5173,3,1256,2
dis_04766,sym_00066,1.4778,0.4926,3,1196,2
dis_04766,sym_00093,1.4604,0.4868,3,1182,2
dis_04766,sym_00105,1.898,0.4745,4,1152,2
dis_04766,sym_00137,1.4901,0.4967,3,1206,2
dis_04766,sym_00273,1.4604,0.4868,3,1182,2
dis_04766,sym_00289,2.541,0.5082,5,1234,2
dis_04766,sym_00353,1.542,0.514,3,1248,2
dis_04766,sym_00370,1.5246,0.5082,3,1234,2
dis_04766,sym_00464,2.541,0.5082,5,1234,2
dis_04766,sym_00465,1.4976,0.4992,3,1212,2
dis_04766,sym_00470,1.4283,0.4761,3,1156,2
dis_04769,sym_00062,2.2962,0.7654,3,137,1
dis_04769,sym_00289,2.7095,0.5419,5,97,1
dis_04769,sym_00359,1.6761,0.5587,3,100,1
dis_04769,sym_00360,1.6761,0.5587,3,100,1
dis_04769,sym_00370,1.8435,0.6145,3,110,1
dis_04769,sym_00371,2.0616,0.6872,3,123,1
dis_04769,sym_00455,2.0616,0.6872,3,123,1
dis_04769,sym_00464,2.933,0.5866,5,105,1
dis_04778,sym_00314,1.6365,0.5455,3,132,1
dis_04778,sym_00351,2.0826,0.6942,3,168,1
dis_04778,sym_00387,2.2314,0.7438,3,180,1
dis_04778,sym_00395,1.686,0.562,3,136,1
dis_04778,sym_00416,2.1198,0.7066,3,171,1
dis_04778,sym_00458,2.1198,0.7066,3,171,1
dis_04778,sym_00460,2.1693,0.7231,3,175,1
dis_04784,sym_00002,3.8,0.95,4,114,1
dis_04784,sym_00013,2.7,0.9,3,108,1
dis_04784,sym_00067,6.65,0.95,7,114,1
dis_04784,sym_00080,3.8,0.95,4,114,1
dis_04784,sym_00449,3.6,0.9,4,108,1
dis_04784,sym_00464,4.5,0.9,5,108,1
dis_04788,sym_00305,1.6155,0.5385,3,14,1
dis_04788,sym_00323,1.7307,0.5769,3,15,1
dis_04788,sym_00336,1.6155,0.5385,3,14,1
dis_04788,sym_00456,1.6155,0.5385,3,14,1
dis_04788,sym_00462,2.4231,0.8077,3,21,1
dis_04804,sym_00099,1.5483,0.5161,3,257,1
dis_04804,sym_00131,1.5603,0.5201,3,259,1
dis_04804,sym_00161,2.0121,0.6707,3,334,1
dis_04804,sym_00216,1.9941,0.6647,3,331,1
dis_04804,sym_00222,1.9095,0.6365,3,317,1
dis_04804,sym_00239,1.6023,0.5341,3,266,1
dis_04804,sym_00307,1.524,0.508,3,253,1
dis_04804,sym_00407,1.5963,0.5321,3,265,1
dis_04804,sym_00431,1.5963,0.5321,3,265,1
dis_04815,sym_00093,2.2941,0.7647,3,13,1
dis_04815,sym_00238,2.8236,0.9412,3,16,1
dis_04815,sym_00373,3.294,0.8235,4,14,1
dis_04851,sym_00096,2.3199,0.7733,3,58,1
dis_04851,sym_00140,2.56,0.64,4,48,1
dis_04851,sym_00191,2.4399,0.8133,3,61,1
dis_04851,sym_00263,2.4801,0.8267,3,62,1
dis_04851,sym_00473,1.68,0.56,3,42,1
dis_04857,sym_00324,1.6947,0.5649,3,74,1
dis_04857,sym_00337,2.5878,0.8626,3,113,1
dis_04857,sym_00370,1.8093,0.6031,3,79,1
dis_04857,sym_00458,1.4886,0.4962,3,65,1
dis_04857,sym_00460,2.0841,0.6947,3,91,1
dis_04857,sym_00461,2.1984,0.7328,3,96,1
dis_04865,sym_00018,1.5333,0.5111,3,1238,2
dis_04865,sym_00020,1.5162,0.5054,3,1224,2
dis_04865,sym_00157,1.5534,0.5178,3,1254,2
dis_04865,sym_00159,1.5483,0.5161,3,1250,2
dis_04865,sym_00172,1.4517,0.4839,3,1172,2
dis_04865,sym_00174,1.5111,0.5037,3,1220,2
dis_04865,sym_00227,1.4865,0.4955,3,1200,2
dis_04865,sym_00233,1.6029,0.5343,3,1294,2
dis_04865,sym_00235,1.5507,0.5169,3,1252,2
dis_04865,sym_00244,1.4196,0.4732,3,1146,2
dis_04865,sym_00479,1.4889,0.4963,3,1202,2
dis_04865,sym_00481,1.5333,0.5111,3,1238,2
dis_04871,sym_00232,2.4,0.8,3,8,1
dis_04871,sym_00371,3.0,1.0,3,10,1
dis_04873,sym_00006,1.4637,0.4879,3,121,1
dis_04873,sym_00105,2.726,0.6815,4,169,1
dis_04873,sym_00179,1.9356,0.6452,3,160,1
dis_04873,sym_00207,2.0082,0.6694,3,166,1
dis_04873,sym_00211,2.3226,0.7742,3,192,1
dis_04873,sym_00317,2.1452,0.5363,4,133,1
dis_04873,sym_00417,1.5363,0.5121,3,127,1
dis_04888,sym_00097,2.2104,0.7368,3,42,1
dis_04888,sym_00105,3.5088,0.8772,4,50,1
dis_04888,sym_00172,2.6316,0.8772,3,50,1
dis_04888,sym_00242,2.5263,0.8421,3,48,1
dis_04888,sym_00252,2.0526,0.6842,3,39,1
dis_04889,sym_00045,1.5117,0.5039,3,855,2
dis_04889,sym_00112,1.5831,0.5277,3,896,2
dis_04889,sym_00136,1.5363,0.5121,3,869,2
dis_04889,sym_00147,1.4883,0.4961,3,842,2
dis_04889,sym_00169,1.5645,0.5215,3,885,2
dis_04889,sym_00226,1.5327,0.5109,3,867,2
dis_04889,sym_00248,1.4448,0.4816,3,817,2
dis_04889,sym_00278,2.0355,0.6785,3,1153,2
dis_04889,sym_00308,1.4643,0.4881,3,828,2
dis_04889,sym_00327,1.5222,0.5074,3,861,2
dis_04889,sym_00447,1.5963,0.5321,3,903,2
dis_04893,sym_00035,1.7349,0.5783,3,48,1
dis_04893,sym_00056,1.8795,0.6265,3,52,1
dis_04893,sym_00264,1.7712,0.5904,3,49,1
dis_04893,sym_00292,2.6505,0.5301,5,44,1
dis_04893,sym_00311,1.3011,0.4337,3,36,1
dis_04893,sym_00339,1.6989,0.5663,3,47,1
dis_04893,sym_00396,1.8072,0.6024,3,50,1
dis_04908,sym_00157,1.6668,0.5556,3,5,1
dis_04908,sym_00252,1.3332,0.4444,3,4,1
dis_04908,sym_00385,2.6667,0.8889,3,8,1
dis_04908,sym_00387,2.0001,0.6667,3,6,1
dis_04920,sym_00006,3.0,1.0,3,2,1
dis_04920,sym_00473,3.0,1.0,3,2,1
dis_04922,sym_00096,1.6104,0.5368,3,175,1
dis_04922,sym_00179,2.181,0.727,3,237,1
dis_04922,sym_00189,2.1165,0.7055,3,230,1
dis_04922,sym_00277,1.4817,0.4939,3,161,1
dis_04922,sym_00291,1.6197,0.5399,3,176,1
dis_04922,sym_00329,2.0244,0.6748,3,220,1
dis_04922,sym_00405,1.6104,0.5368,3,175,1
dis_04922,sym_00439,1.5828,0.5276,3,172,1
dis_04924,sym_00035,1.6281,0.5427,3,89,1
dis_04924,sym_00105,1.9756,0.4939,4,81,1
dis_04924,sym_00106,1.9206,0.6402,3,105,1
dis_04924,sym_00136,1.6464,0.5488,3,90,1
dis_04924,sym_00137,1.5,0.5,3,82,1
dis_04924,sym_00176,1.5,0.5,3,82,1
dis_04924,sym_00248,1.9023,0.6341,3,104,1
dis_04924,sym_00292,2.5915,0.5183,5,85,1
dis_04926,sym_00105,1.8936,0.4734,4,80,1
dis_04926,sym_00176,1.5798,0.5266,3,89,1
dis_04926,sym_00255,1.491,0.497,3,84,1
dis_04926,sym_00289,3.4615,0.6923,5,117,1
dis_04926,sym_00292,2.485,0.497,5,84,1
dis_04926,sym_00314,2.4852,0.8284,3,140,1
dis_04926,sym_00464,2.485,0.497,5,84,1
dis_04928,sym_00068,1.5,0.5,3,303,1
dis_04928,sym_00105,1.9208,0.4802,4,291,1
dis_04928,sym_00137,1.5099,0.5033,3,305,1
dis_04928,sym_00211,1.5546,0.5182,3,314,1
dis_04928,sym_00317,2.0332,0.5083,4,308,1
dis_04928,sym_00327,1.4751,0.4917,3,298,1
dis_04928,sym_00371,1.4208,0.4736,3,287,1
dis_04928,sym_00373,1.8944,0.4736,4,287,1
dis_04928,sym_00470,1.6485,0.5495,3,333,1
dis_04928,sym_00473,2.2524,0.7508,3,455,1
dis_04929,sym_00090,3.0,1.0,3,11,1
dis_04929,sym_00119,2.4546,0.8182,3,9,1
dis_04931,sym_00068,1.4685,0.4895,3,840,2
dis_04931,sym_00080,2.6536,0.6634,4,1140,2
dis_04931,sym_00152,1.5087,0.5029,3,863,2
dis_04931,sym_00192,1.5294,0.5098,3,875,2
dis_04931,sym_00244,1.5177,0.5059,3,868,2
dis_04931,sym_00317,2.0724,0.5181,4,889,2
dis_04931,sym_00371,1.5387,0.5129,3,880,2
dis_04931,sym_00373,4.0164,1.0041,4,1723,2
dis_04931,sym_00470,1.4577,0.4859,3,834,2
dis_04931,sym_00473,1.5153,0.5051,3,867,2
dis_04937,sym_00105,2.0,0.5,4,132,1
dis_04937,sym_00137,1.5342,0.5114,3,135,1
dis_04937,sym_00152,1.5114,0.5038,3,133,1
dis_04937,sym_00176,1.4319,0.4773,3,126,1
dis_04937,sym_00371,1.4886,0.4962,3,131,1
dis_04937,sym_00373,3.3484,0.8371,4,221,1
dis_04937,sym_00464,3.5605,0.7121,5,188,1
dis_04937,sym_00470,1.6023,0.5341,3,141,1
dis_04938,sym_00105,4.0,1.0,4,1,1
dis_04938,sym_00143,3.0,1.0,3,1,1
dis_04941,sym_00003,1.4868,0.4956,3,335,1
dis_04941,sym_00208,1.4334,0.4778,3,323,1
dis_04941,sym_00209,2.0193,0.6731,3,455,1
dis_04941,sym_00248,2.0238,0.6746,3,456,1
dis_04941,sym_00266,1.491,0.497,3,336,1
dis_04941,sym_00384,1.491,0.497,3,336,1
dis_04941,sym_00385,1.5177,0.5059,3,342,1
dis_04941,sym_00387,1.5177,0.5059,3,342,1
dis_04941,sym_00388,1.5354,0.5118,3,346,1
dis_04941,sym_00396,1.4466,0.4822,3,326,1
dis_04945,sym_00119,2.3334,0.7778,3,7,1
dis_04945,sym_00165,3.0,1.0,3,9,1
dis_04945,sym_00233,2.3334,0.7778,3,7,1
dis_04945,sym_00235,0.9999,0.3333,3,3,1
dis_04946,sym_00012,2.3499,0.7833,3,47,1
dis_04946,sym_00031,2.9001,0.9667,3,58,1
dis_04946,sym_00370,2.0499,0.6833,3,41,1
dis_04946,sym_00396,2.1999,0.7333,3,44,1
dis_04946,sym_00420,2.1501,0.7167,3,43,1
dis_04952,sym_00006,1.488,0.496,3,250,1
dis_04952,sym_00030,1.6428,0.5476,3,276,1
dis_04952,sym_00097,1.9881,0.6627,3,334,1
dis_04952,sym_00176,1.518,0.506,3,255,1
dis_04952,sym_00252,1.512,0.504,3,254,1
dis_04952,sym_00337,1.518,0.506,3,255,1
dis_04952,sym_00368,1.5477,0.5159,3,260,1
dis_04952,sym_00400,2.0118,0.6706,3,338,1
dis_04952,sym_00470,2.0952,0.6984,3,352,1
dis_04953,sym_00003,2.0001,0.6667,3,2,1
dis_04953,sym_00012,2.0001,0.6667,3,2,1
dis_04953,sym_00097,3.0,1.0,3,3,1
dis_04957,sym_00080,2.3704,0.5926,4,16,1
dis_04957,sym_00140,2.6668,0.6667,4,18,1
dis_04957,sym_00289,3.889,0.7778,5,21,1
dis_04957,sym_00385,2.7777,0.9259,3,25,1
dis_04964,sym_00045,1.857,0.619,3,13,1
dis_04964,sym_00080,3.6192,0.9048,4,19,1
dis_04964,sym_00166,2.7144,0.9048,3,19,1
dis_04964,sym_00242,1.5714,0.5238,3,11,1
dis_04967,sym_00052,1.4862,0.4954,3,855,2
dis_04967,sym_00066,1.5258,0.5086,3,878,2
dis_04967,sym_00076,2.0596,0.5149,4,889,2
dis_04967,sym_00177,2.0067,0.6689,3,1156,2
dis_04967,sym_00220,1.5021,0.5007,3,864,2
dis_04967,sym_00262,1.5606,0.5202,3,898,2
dis_04967,sym_00272,1.4982,0.4994,3,862,2
dis_04967,sym_00273,1.4931,0.4977,3,859,2
dis_04967,sym_00310,1.4865,0.4955,3,855,2
dis_04967,sym_00353,1.5504,0.5168,3,892,2
dis_04967,sym_00370,1.4724,0.4908,3,847,2
dis_04972,sym_00011,2.8668,0.9556,3,43,1
dis_04972,sym_00091,2.2668,0.7556,3,34,1
dis_04972,sym_00137,2.7333,0.9111,3,41,1
dis_04972,sym_00152,1.6668,0.5556,3,25,1
dis_04972,sym_00370,1.6668,0.5556,3,25,1
dis_04972,sym_00373,2.2224,0.5556,4,25,1
dis_04976,sym_00002,3.8,0.95,4,114,1
dis_04976,sym_00085,3.8,0.95,4,114,1
dis_04976,sym_00094,5.7,0.95,6,114,1
dis_04976,sym_00227,2.85,0.95,3,114,1
dis_04976,sym_00250,3.8,0.95,4,114,1
dis_04976,sym_00274,5.0,1.0,5,120,1
dis_04976,sym_00282,2.0,1.0,2,120,1
dis_04976,sym_00289,4.75,0.95,5,114,1
dis_04976,sym_00464,4.75,0.95,5,114,1
dis_04976,sym_00485,4.0,1.0,4,120,1
dis_04976,sym_00486,2.85,0.95,3,114,1
dis_04977,sym_00002,3.8,0.95,4,114,1
dis_04977,sym_00085,3.8,0.95,4,114,1
dis_04977,sym_00140,3.8,0.95,4,114,1
dis_04977,sym_00217,0.95,0.95,1,114,1
dis_04977,sym_00246,1.9,0.95,2,114,1
dis_04977,sym_00250,3.8,0.95,4,114,1
dis_04977,sym_00267,6.0,1.0,6,120,1
dis_04977,sym_00349,5.0,1.0,5,120,1
dis_04977,sym_00350,2.0,1.0,2,120,1
dis_04977,sym_00484,3.8,0.95,4,114,1
dis_04977,sym_00485,4.0,1.0,4,120,1
dis_04977,sym_00486,2.85,0.95,3,114,1
dis_04979,sym_00138,4.75,0.95,5,114,1
dis_04979,sym_00140,3.8,0.95,4,114,1
dis_04979,sym_00250,3.8,0.95,4,114,1
dis_04979,sym_00289,4.75,0.95,5,114,1
dis_04979,sym_00485,3.6,0.9,4,108,1
dis_04979,sym_00486,2.85,0.95,3,114,1
dis_04980,sym_00002,3.8,0.95,4,114,1
dis_04980,sym_00085,3.8,0.95,4,114,1
dis_04980,sym_00140,3.8,0.95,4,114,1
dis_04980,sym_00227,2.85,0.95,3,114,1
dis_04980,sym_00250,3.8,0.95,4,114,1
dis_04980,sym_00289,4.75,0.95,5,114,1
dis_04980,sym_00464,4.75,0.95,5,114,1
dis_04980,sym_00485,3.8,0.95,4,114,1
dis_04980,sym_00486,2.85,0.95,3,114,1
dis_04981,sym_00090,2.1261,0.7087,3,253,1
dis_04981,sym_00145,2.0505,0.6835,3,244,1
dis_04981,sym_00219,1.5714,0.5238,3,187,1
dis_04981,sym_00224,1.5462,0.5154,3,184,1
dis_04981,sym_00289,3.6415,0.7283,5,260,1
dis_04981,sym_00353,2.0589,0.6863,3,245,1
dis_04981,sym_00370,1.6302,0.5434,3,194,1
dis_04981,sym_00464,2.661,0.5322,5,190,1
dis_04982,sym_00002,4.0,1.0,4,120,1
dis_04982,sym_00015,5.7,0.95,6,114,1
dis_04982,sym_00072,7.0,1.0,7,120,1
dis_04982,sym_00085,3.8,0.95,4,114,1
dis_04982,sym_00140,3.8,0.95,4,114,1
dis_04982,sym_00181,6.65,0.95,7,114,1
dis_04982,sym_00227,2.85,0.95,3,114,1
dis_04982,sym_00250,4.0,1.0,4,120,1
dis_04982,sym_00289,4.75,0.95,5,114,1
dis_04982,sym_00412,6.0,1.0,6,120,1
dis_04982,sym_00464,4.75,0.95,5,114,1
dis_04982,sym_00485,4.0,1.0,4,120,1
dis_04982,sym_00486,2.85,0.95,3,114,1
dis_05023,sym_00029,1.9194,0.6398,3,1112,2
dis_05023,sym_00032,1.4274,0.4758,3,826,2
dis_05023,sym_00035,1.5552,0.5184,3,900,2
dis_05023,sym_00184,1.5018,0.5006,3,869,2
dis_05023,sym_00242,1.4895,0.4965,3,862,2
dis_05023,sym_00245,1.4826,0.4942,3,858,2
dis_05023,sym_00252,1.5075,0.5025,3,873,2
dis_05023,sym_00255,1.5705,0.5235,3,909,2
dis_05023,sym_00292,2.5515,0.5103,5,886,2
dis_05023,sym_00319,1.5603,0.5201,3,903,2
dis_05023,sym_00376,1.4763,0.4921,3,854,2
dis_05024,sym_00080,2.0624,0.5156,4,232,1
dis_05024,sym_00086,1.5801,0.5267,3,237,1
dis_05024,sym_00147,1.5267,0.5089,3,229,1
dis_05024,sym_00204,2.0466,0.6822,3,307,1
dis_05024,sym_00278,1.5201,0.5067,3,228,1
dis_05024,sym_00395,1.5267,0.5089,3,229,1
dis_05024,sym_00405,1.4601,0.4867,3,219,1
dis_05024,sym_00427,2.1933,0.7311,3,329,1
dis_05024,sym_00464,2.589,0.5178,5,233,1
dis_05029,sym_00035,1.5354,0.5118,3,881,2
dis_05029,sym_00062,1.5219,0.5073,3,873,2
dis_05029,sym_00096,1.9722,0.6574,3,1133,2
dis_05029,sym_00105,2.0316,0.5079,4,874,2
dis_05029,sym_00177,1.5252,0.5084,3,875,2
dis_05029,sym_00289,2.658,0.5316,5,915,2
dis_05029,sym_00359,1.5144,0.5048,3,869,2
dis_05029,sym_00360,1.5144,0.5048,3,869,2
dis_05029,sym_00370,1.587,0.529,3,910,2
dis_05029,sym_00371,1.4703,0.4901,3,843,2
dis_05029,sym_00455,1.5936,0.5312,3,914,2
dis_05029,sym_00465,1.4988,0.4996,3,860,2
dis_05030,sym_00029,2.2662,0.7554,3,105,1
dis_05030,sym_00167,2.5467,0.8489,3,118,1
dis_05030,sym_00385,1.6404,0.5468,3,76,1
dis_05030,sym_00387,2.3094,0.7698,3,107,1
dis_05030,sym_00395,1.4676,0.4892,3,68,1
dis_05030,sym_00396,2.3094,0.7698,3,107,1
dis_05033,sym_00176,3.0,1.0,3,1,1
dis_05033,sym_00371,3.0,1.0,3,1,1
dis_05036,sym_00076,2.5264,0.6316,4,12,1
dis_05036,sym_00120,2.8422,0.9474,3,18,1
dis_05036,sym_00370,2.5263,0.8421,3,16,1
dis_05041,sym_00003,2.9031,0.9677,3,30,1
dis_05041,sym_00014,2.5161,0.8387,3,26,1
dis_05041,sym_00026,2.3226,0.7742,3,24,1
dis_05041,sym_00454,2.1291,0.7097,3,22,1
dis_05046,sym_00080,4.0,1.0,4,5,1
dis_05046,sym_00119,3.0,1.0,3,5,1
dis_05046,sym_00239,1.8,0.6,3,3,1
dis_05047,sym_00127,4.5,0.9,5,108,1
dis_05047,sym_00181,6.65,0.95,7,114,1
dis_05047,sym_00285,2.7,0.9,3,108,1
dis_05047,sym_00321,5.4,0.9,6,108,1
dis_05059,sym_00014,2.8365,0.9455,3,52,1
dis_05059,sym_00124,1.9635,0.6545,3,36,1
dis_05059,sym_00176,2.5635,0.8545,3,47,1
dis_05059,sym_00191,2.6727,0.8909,3,49,1
dis_05059,sym_00238,2.1273,0.7091,3,39,1
dis_05063,sym_00207,3.0,1.0,3,13,1
dis_05063,sym_00460,2.7693,0.9231,3,12,1
dis_05063,sym_00468,1.6155,0.5385,3,7,1
dis_05065,sym_00108,3.0,1.0,3,2,1
dis_05065,sym_00141,3.0,1.0,3,2,1
dis_05065,sym_00296,3.0,1.0,3,2,1
dis_05069,sym_00025,3.0,1.0,3,1,1
dis_05069,sym_00119,3.0,1.0,3,1,1
dis_05075,sym_00099,2.3709,0.7903,3,49,1
dis_05075,sym_00105,3.742,0.9355,4,58,1
dis_05075,sym_00305,1.5969,0.5323,3,33,1
dis_05075,sym_00370,2.4678,0.8226,3,51,1
dis_05075,sym_00408,1.5969,0.5323,3,33,1
dis_05078,sym_00167,1.5858,0.5286,3,120,1
dis_05078,sym_00168,1.467,0.489,3,111,1
dis_05078,sym_00261,1.5066,0.5022,3,114,1
dis_05078,sym_00268,1.533,0.511,3,116,1
dis_05078,sym_00309,1.5066,0.5022,3,114,1
dis_05078,sym_00362,1.4406,0.4802,3,109,1
dis_05078,sym_00420,1.5726,0.5242,3,119,1
dis_05078,sym_00436,2.5506,0.8502,3,193,1
dis_05079,sym_00006,2.7096,0.9032,3,140,1
dis_05079,sym_00091,1.6257,0.5419,3,84,1
dis_05079,sym_00176,1.8,0.6,3,93,1
dis_05079,sym_00238,1.8969,0.6323,3,98,1
dis_05079,sym_00337,1.5291,0.5097,3,79,1
dis_05079,sym_00368,1.3743,0.4581,3,71,1
dis_05079,sym_00464,2.742,0.5484,5,85,1
dis_05085,sym_00035,1.5,0.5,3,170,1
dis_05085,sym_00261,2.0736,0.6912,3,235,1
dis_05085,sym_00289,2.397,0.4794,5,163,1
dis_05085,sym_00309,2.2677,0.7559,3,257,1
dis_05085,sym_00370,1.4646,0.4882,3,166,1
dis_05085,sym_00380,1.5441,0.5147,3,175,1
dis_05085,sym_00416,2.1618,0.7206,3,245,1
dis_05085,sym_00464,2.7355,0.5471,5,186,1
dis_05089,sym_00105,2.0,0.5,4,5,1
dis_05089,sym_00252,1.5,0.5,3,5,1
dis_05089,sym_00362,3.0,1.0,3,10,1
dis_05089,sym_00470,2.4,0.8,3,8,1
dis_05090,sym_00126,1.125,0.375,3,3,1
dis_05090,sym_00173,1.5,0.5,3,4,1
dis_05090,sym_00317,2.5,0.625,4,5,1
dis_05090,sym_00371,1.5,0.5,3,4,1
dis_05090,sym_00473,2.25,0.75,3,6,1
dis_05092,sym_00062,1.5981,0.5327,3,920,2
dis_05092,sym_00093,1.5192,0.5064,3,875,2
dis_05092,sym_00105,1.9652,0.4913,4,848,2
dis_05092,sym_00176,1.5096,0.5032,3,869,2
dis_05092,sym_00289,2.611,0.5222,5,902,2
dis_05092,sym_00305,1.5741,0.5247,3,906,2
dis_05092,sym_00336,1.4919,0.4973,3,859,2
dis_05092,sym_00370,1.5027,0.5009,3,865,2
dis_05092,sym_00464,2.459,0.4918,5,849,2
dis_05092,sym_00465,1.9614,0.6538,3,1131,2
dis_05092,sym_00470,1.5201,0.5067,3,875,2
dis_05094,sym_00052,3.0,1.0,3,1,1
dis_05094,sym_00140,4.0,1.0,4,1,1
dis_05096,sym_00014,1.3749,0.4583,3,11,1
dis_05096,sym_00080,4.0,1.0,4,24,1
dis_05096,sym_00147,1.875,0.625,3,15,1
dis_05096,sym_00417,1.5,0.5,3,12,1
dis_05096,sym_00468,2.25,0.75,3,18,1
dis_05099,sym_00087,2.0958,0.6986,3,459,1
dis_05099,sym_00091,2.0595,0.6865,3,451,1
dis_05099,sym_00096,1.452,0.484,3,318,1
dis_05099,sym_00105,2.0884,0.5221,4,343,1
dis_05099,sym_00145,1.5846,0.5282,3,347,1
dis_05099,sym_00289,2.6025,0.5205,5,342,1
dis_05099,sym_00371,1.5204,0.5068,3,333,1
dis_05099,sym_00373,2.0272,0.5068,4,333,1
dis_05099,sym_00464,2.504,0.5008,5,329,1
dis_05099,sym_00470,1.6026,0.5342,3,351,1
dis_05101,sym_00371,3.0,1.0,3,3,1
dis_05101,sym_00402,3.0,1.0,3,3,1
dis_05101,sym_00473,0.9999,0.3333,3,1,1
dis_05108,sym_00137,2.5947,0.8649,3,64,1
dis_05108,sym_00147,2.5134,0.8378,3,62,1
dis_05108,sym_00373,5.5136,1.3784,4,102,1
dis_05108,sym_00470,1.7433,0.5811,3,43,1
dis_05109,sym_00097,2.5278,0.8426,3,91,1
dis_05109,sym_00099,1.6944,0.5648,3,61,1
dis_05109,sym_00129,2.5557,0.8519,3,92,1
dis_05109,sym_00131,1.5834,0.5278,3,57,1
dis_05109,sym_00407,1.6668,0.5556,3,60,1
dis_05109,sym_00431,2.2221,0.7407,3,80,1
dis_05110,sym_00080,4.0,1.0,4,5,1
dis_05110,sym_00165,1.8,0.6,3,3,1
dis_05110,sym_00470,2.4,0.8,3,4,1
dis_05120,sym_00067,6.3,0.9,7,108,1
dis_05120,sym_00105,3.6,0.9,4,108,1
dis_05120,sym_00176,2.7,0.9,3,108,1
dis_05120,sym_00237,2.85,0.95,3,114,1
dis_05120,sym_00251,3.8,0.95,4,114,1
dis_05121,sym_00176,1.7142,0.5714,3,32,1
dis_05121,sym_00177,2.5713,0.8571,3,48,1
dis_05121,sym_00305,1.6608,0.5536,3,31,1
dis_05121,sym_00336,1.8213,0.6071,3,34,1
dis_05121,sym_00408,1.6608,0.5536,3,31,1
dis_05121,sym_00456,1.6608,0.5536,3,31,1
dis_05122,sym_00068,1.5333,0.5111,3,872,2
dis_05122,sym_00140,2.0728,0.5182,4,884,2
dis_05122,sym_00177,1.4787,0.4929,3,841,2
dis_05122,sym_00204,1.47,0.49,3,836,2
dis_05122,sym_00244,1.9944,0.6648,3,1136,2
dis_05122,sym_00317,2.18,0.545,4,930,2
dis_05122,sym_00351,1.5021,0.5007,3,854,2
dis_05122,sym_00371,1.5315,0.5105,3,871,2
dis_05122,sym_00373,4.0096,1.0024,4,1710,2
dis_05122,sym_00470,1.4418,0.4806,3,820,2
dis_05124,sym_00007,6.0,1.0,6,120,1
dis_05124,sym_00094,5.7,0.95,6,114,1
dis_05124,sym_00125,3.8,0.95,4,114,1
dis_05124,sym_00139,4.75,0.95,5,114,1
dis_05124,sym_00140,3.8,0.95,4,114,1
dis_05124,sym_00213,2.0,1.0,2,120,1
dis_05124,sym_00275,2.85,0.95,3,114,1
dis_05124,sym_00286,2.0,1.0,2,120,1
dis_05124,sym_00361,4.75,0.95,5,114,1
dis_05124,sym_00417,2.85,0.95,3,114,1
dis_05124,sym_00474,2.85,0.95,3,114,1
dis_05131,sym_00025,3.0,1.0,3,6,1
dis_05131,sym_00120,2.0001,0.6667,3,4,1
dis_05131,sym_00371,2.0001,0.6667,3,4,1
dis_05134,sym_00006,2.4129,0.8043,3,37,1
dis_05134,sym_00076,2.0,0.5,4,23,1
dis_05134,sym_00245,1.3695,0.4565,3,21,1
dis_05134,sym_00371,3.0,1.0,3,46,1
dis_05134,sym_00373,2.8696,0.7174,4,33,1
dis_05139,sym_00006,1.5135,0.5045,3,1226,2
dis_05139,sym_00024,3.8,0.95,4,114,1
dis_05139,sym_00055,4.75,0.95,5,114,1
dis_05139,sym_00086,1.4469,0.4823,3,1172,2
dis_05139,sym_00091,1.4346,0.4782,3,1162,2
dis_05139,sym_00105,1.9984,0.4996,4,1214,2
dis_05139,sym_00111,3.8,0.95,4,114,1
dis_05139,sym_00125,4.0,1.0,4,120,1
dis_05139,sym_00137,1.5333,0.5111,3,1242,2
dis_05139,sym_00140,3.8,0.95,4,114,1
dis_05139,sym_00145,1.5408,0.5136,3,1248,2
dis_05139,sym_00176,2.85,0.95,3,114,1
dis_05139,sym_00213,2.0,1.0,2,120,1
dis_05139,sym_00289,3.2955,0.6591,5,1362,3
dis_05139,sym_00317,4.0,1.0,4,120,1
dis_05139,sym_00337,1.4913,0.4971,3,1208,2
dis_05139,sym_00368,1.5357,0.5119,3,1244,2
dis_05139,sym_00397,1.5063,0.5021,3,1220,2
dis_05139,sym_00399,4.0,1.0,4,120,1
dis_05139,sym_00417,1.9689,0.6563,3,1352,3
dis_05139,sym_00464,4.75,0.95,5,114,1
dis_05139,sym_00470,1.4937,0.4979,3,1210,2
dis_05143,sym_00093,1.7949,0.5983,3,286,1
dis_05143,sym_00137,1.7385,0.5795,3,277,1
dis_05143,sym_00147,1.6254,0.5418,3,259,1
dis_05143,sym_00176,1.5438,0.5146,3,246,1
dis_05143,sym_00252,1.5879,0.5293,3,253,1
dis_05143,sym_00289,2.929,0.5858,5,280,1
dis_05143,sym_00370,1.6695,0.5565,3,266,1
dis_05143,sym_00371,2.4477,0.8159,3,390,1
dis_05143,sym_00373,2.2092,0.5523,4,264,1
dis_05143,sym_00464,2.7825,0.5565,5,266,1
dis_05154,sym_00035,2.0061,0.6687,3,331,1
dis_05154,sym_00137,1.5456,0.5152,3,255,1
dis_05154,sym_00289,2.687,0.5374,5,266,1
dis_05154,sym_00368,1.5273,0.5091,3,252,1
dis_05154,sym_00370,1.5819,0.5273,3,261,1
dis_05154,sym_00371,1.9698,0.6566,3,325,1
dis_05154,sym_00373,2.7716,0.6929,4,343,1
dis_05154,sym_00464,2.7375,0.5475,5,271,1
dis_05154,sym_00470,1.6365,0.5455,3,270,1
dis_05163,sym_00091,2.0769,0.6923,3,9,1
dis_05163,sym_00120,2.5386,0.8462,3,11,1
dis_05163,sym_00137,3.0,1.0,3,13,1
dis_05163,sym_00470,1.8462,0.6154,3,8,1
dis_05164,sym_00007,6.0,1.0,6,120,1
dis_05164,sym_00059,5.0,1.0,5,120,1
dis_05164,sym_00071,4.75,0.95,5,114,1
dis_05164,sym_00090,3.0,1.0,3,120,1
dis_05164,sym_00105,3.8,0.95,4,114,1
dis_05164,sym_00121,6.0,1.0,6,120,1
dis_05164,sym_00140,2.962,0.7405,4,151,2
dis_05164,sym_00191,2.1486,0.7162,3,53,1
dis_05164,sym_00213,2.0,1.0,2,120,1
dis_05164,sym_00246,1.9,0.95,2,114,1
dis_05164,sym_00275,2.85,0.95,3,114,1
dis_05164,sym_00282,0.946,0.473,2,35,1
dis_05164,sym_00342,4.75,0.95,5,114,1
dis_05164,sym_00424,5.0,1.0,5,120,1
dis_05164,sym_00446,1.6215,0.5405,3,40,1
dis_05164,sym_00473,2.2764,0.7588,3,156,2
dis_05164,sym_00481,2.6352,0.8784,3,65,1
dis_05168,sym_00086,1.4433,0.4811,3,204,1
dis_05168,sym_00093,1.6839,0.5613,3,238,1
dis_05168,sym_00105,2.7452,0.6863,4,291,1
dis_05168,sym_00137,2.2782,0.7594,3,322,1
dis_05168,sym_00145,1.5777,0.5259,3,223,1
dis_05168,sym_00147,1.5636,0.5212,3,221,1
dis_05168,sym_00289,2.5235,0.5047,5,214,1
dis_05168,sym_00370,1.5636,0.5212,3,221,1
dis_05168,sym_00464,2.7125,0.5425,5,230,1
dis_05187,sym_00010,1.5822,0.5274,3,260,1
dis_05187,sym_00177,1.5699,0.5233,3,258,1
dis_05187,sym_00249,1.509,0.503,3,248,1
dis_05187,sym_00261,2.0325,0.6775,3,334,1
dis_05187,sym_00289,2.505,0.501,5,247,1
dis_05187,sym_00311,1.509,0.503,3,248,1
dis_05187,sym_00322,1.5699,0.5233,3,258,1
dis_05187,sym_00370,2.0994,0.6998,3,345,1
dis_05187,sym_00460,2.1054,0.7018,3,346,1
dis_05191,sym_00050,1.5363,0.5121,3,890,2
dis_05191,sym_00083,1.5996,0.5332,3,927,2
dis_05191,sym_00164,1.5981,0.5327,3,926,2
dis_05191,sym_00178,1.5006,0.5002,3,869,2
dis_05191,sym_00205,1.5069,0.5023,3,873,2
dis_05191,sym_00207,1.5138,0.5046,3,877,2
dis_05191,sym_00249,1.5279,0.5093,3,885,2
dis_05191,sym_00312,1.581,0.527,3,916,2
dis_05191,sym_00370,1.9278,0.6426,3,1118,2
dis_05191,sym_00451,1.5792,0.5264,3,915,2
dis_05191,sym_00458,1.4478,0.4826,3,839,2
dis_05193,sym_00289,4.4,0.88,5,44,1
dis_05193,sym_00362,2.22,0.74,3,37,1
dis_05193,sym_00370,2.88,0.96,3,48,1
dis_05193,sym_00451,1.38,0.46,3,23,1
dis_05194,sym_00083,1.9626,0.6542,3,1129,2
dis_05194,sym_00164,1.509,0.503,3,867,2
dis_05194,sym_00178,1.5426,0.5142,3,886,2
dis_05194,sym_00201,1.4694,0.4898,3,844,2
dis_05194,sym_00205,1.4799,0.4933,3,850,2
dis_05194,sym_00249,1.5429,0.5143,3,886,2
dis_05194,sym_00261,1.4955,0.4985,3,859,2
dis_05194,sym_00312,1.5108,0.5036,3,868,2
dis_05194,sym_00322,1.5255,0.5085,3,876,2
dis_05194,sym_00370,1.4961,0.4987,3,859,2
dis_05194,sym_00451,1.5387,0.5129,3,884,2
dis_05197,sym_00205,1.8672,0.6224,3,61,1
dis_05197,sym_00249,2.0205,0.6735,3,66,1
dis_05197,sym_00314,2.7552,0.9184,3,90,1
dis_05197,sym_00370,2.6328,0.8776,3,86,1
dis_05197,sym_00451,1.6836,0.5612,3,55,1
dis_05197,sym_00458,2.2347,0.7449,3,73,1
dis_05198,sym_00050,1.4961,0.4987,3,853,2
dis_05198,sym_00083,1.5723,0.5241,3,897,2
dis_05198,sym_00178,1.5555,0.5185,3,887,2
dis_05198,sym_00249,1.527,0.509,3,871,2
dis_05198,sym_00261,1.4709,0.4903,3,839,2
dis_05198,sym_00312,1.4994,0.4998,3,855,2
dis_05198,sym_00322,1.5993,0.5331,3,912,2
dis_05198,sym_00370,1.4679,0.4893,3,837,2
dis_05198,sym_00451,1.494,0.498,3,852,2
dis_05198,sym_00458,1.9233,0.6411,3,1099,2
dis_05198,sym_00460,1.5357,0.5119,3,876,2
dis_05202,sym_00062,1.4967,0.4989,3,224,1
dis_05202,sym_00076,1.9868,0.4967,4,223,1
dis_05202,sym_00093,1.6035,0.5345,3,240,1
dis_05202,sym_00176,2.0511,0.6837,3,307,1
dis_05202,sym_00261,2.3253,0.7751,3,348,1
dis_05202,sym_00289,2.4835,0.4967,5,223,1
dis_05202,sym_00310,1.4967,0.4989,3,224,1
dis_05202,sym_00370,1.5033,0.5011,3,225,1
dis_05202,sym_00464,2.5725,0.5145,5,231,1
dis_05220,sym_00003,1.4889,0.4963,3,339,1
dis_05220,sym_00049,3.8,0.95,4,114,1
dis_05220,sym_00080,1.9676,0.4919,4,336,1
dis_05220,sym_00147,1.4715,0.4905,3,335,1
dis_05220,sym_00181,5.95,0.85,7,102,1
dis_05220,sym_00219,1.4364,0.4788,3,327,1
dis_05220,sym_00278,2.0382,0.6794,3,464,1
dis_05220,sym_00288,2.4745,0.4949,5,338,1
dis_05220,sym_00354,1.9,0.95,2,114,1
dis_05220,sym_00387,1.533,0.511,3,349,1
dis_05220,sym_00395,2.1696,0.7232,3,453,2
dis_05220,sym_00396,1.9941,0.6647,3,454,1
dis_05220,sym_00404,1.5021,0.5007,3,342,1
dis_05220,sym_00483,2.85,0.95,3,114,1
dis_05221,sym_00025,2.1402,0.7134,3,239,1
dis_05221,sym_00089,2.1402,0.7134,3,239,1
dis_05221,sym_00090,1.5672,0.5224,3,175,1
dis_05221,sym_00091,1.5492,0.5164,3,173,1
dis_05221,sym_00122,1.5672,0.5224,3,175,1
dis_05221,sym_00123,2.1939,0.7313,3,245,1
dis_05221,sym_00204,1.5402,0.5134,3,172,1
dis_05221,sym_00437,1.6836,0.5612,3,188,1
dis_05227,sym_00062,1.4631,0.4877,3,218,1
dis_05227,sym_00086,1.4898,0.4966,3,222,1
dis_05227,sym_00093,1.557,0.519,3,232,1
dis_05227,sym_00177,2.0805,0.6935,3,310,1
dis_05227,sym_00289,2.5055,0.5011,5,224,1
dis_05227,sym_00370,1.557,0.519,3,232,1
dis_05227,sym_00371,1.4967,0.4989,3,223,1
dis_05227,sym_00413,2.2281,0.7427,3,332,1
dis_05227,sym_00464,2.517,0.5034,5,225,1
dis_05228,sym_00083,1.4949,0.4983,3,143,1
dis_05228,sym_00168,2.3205,0.7735,3,222,1
dis_05228,sym_00205,2.3625,0.7875,3,226,1
dis_05228,sym_00261,1.4739,0.4913,3,141,1
dis_05228,sym_00305,1.6515,0.5505,3,158,1
dis_05228,sym_00370,1.6515,0.5505,3,158,1
dis_05228,sym_00408,1.5888,0.5296,3,152,1
dis_05228,sym_00458,1.4949,0.4983,3,143,1
dis_05241,sym_00003,1.3713,0.4571,3,16,1
dis_05241,sym_00174,3.0,1.0,3,35,1
dis_05241,sym_00204,2.6571,0.8857,3,31,1
dis_05241,sym_00242,2.4,0.8,3,28,1
dis_05242,sym_00052,1.4355,0.4785,3,1160,2
dis_05242,sym_00062,1.5024,0.5008,3,1214,2
dis_05242,sym_00069,1.515,0.505,3,1224,2
dis_05242,sym_00086,1.5618,0.5206,3,1262,2
dis_05242,sym_00093,1.5396,0.5132,3,1244,2
dis_05242,sym_00147,1.5024,0.5008,3,1214,2
dis_05242,sym_00149,1.4505,0.4835,3,1172,2
dis_05242,sym_00152,1.4925,0.4975,3,1206,2
dis_05242,sym_00176,1.5273,0.5091,3,1234,2
dis_05242,sym_00289,2.6155,0.5231,5,1268,2
dis_05242,sym_00370,1.5,0.5,3,1212,2
dis_05242,sym_00464,2.5205,0.5041,5,1222,2
dis_05248,sym_00003,1.4553,0.4851,3,293,1
dis_05248,sym_00157,1.4454,0.4818,3,291,1
dis_05248,sym_00159,1.5348,0.5116,3,309,1
dis_05248,sym_00208,1.5696,0.5232,3,316,1
dis_05248,sym_00294,2.2698,0.7566,3,457,1
dis_05248,sym_00384,1.4604,0.4868,3,294,1
dis_05248,sym_00385,1.4502,0.4834,3,292,1
dis_05248,sym_00390,1.4403,0.4801,3,290,1
dis_05248,sym_00392,1.515,0.505,3,305,1
dis_05248,sym_00425,1.5348,0.5116,3,309,1
dis_05249,sym_00012,1.6419,0.5473,3,220,1
dis_05249,sym_00167,1.6566,0.5522,3,222,1
dis_05249,sym_00168,1.6866,0.5622,3,226,1
dis_05249,sym_00261,1.7388,0.5796,3,233,1
dis_05249,sym_00268,1.5447,0.5149,3,207,1
dis_05249,sym_00309,1.5672,0.5224,3,210,1
dis_05249,sym_00370,1.6044,0.5348,3,215,1
dis_05249,sym_00420,1.5522,0.5174,3,208,1
dis_05249,sym_00422,1.6269,0.5423,3,218,1
dis_05249,sym_00436,1.9479,0.6493,3,261,1
dis_05252,sym_00018,1.6647,0.5549,3,101,1
dis_05252,sym_00020,1.566,0.522,3,95,1
dis_05252,sym_00157,1.3845,0.4615,3,84,1
dis_05252,sym_00159,1.6155,0.5385,3,98,1
dis_05252,sym_00160,1.632,0.544,3,99,1
dis_05252,sym_00227,1.632,0.544,3,99,1
dis_05252,sym_00242,1.5165,0.5055,3,92,1
dis_05252,sym_00481,2.3901,0.7967,3,145,1
dis_05253,sym_00035,2.0382,0.6794,3,89,1
dis_05253,sym_00165,2.5419,0.8473,3,111,1
dis_05253,sym_00362,2.2671,0.7557,3,99,1
dis_05253,sym_00370,1.6947,0.5649,3,74,1
dis_05253,sym_00371,2.3817,0.7939,3,104,1
dis_05253,sym_00380,1.8549,0.6183,3,81,1
dis_05254,sym_00035,2.6718,0.8906,3,57,1
dis_05254,sym_00053,2.2032,0.7344,3,47,1
dis_05254,sym_00242,2.8593,0.9531,3,61,1
dis_05254,sym_00370,1.7814,0.5938,3,38,1
dis_05254,sym_00371,1.6875,0.5625,3,36,1
dis_05255,sym_00029,1.5036,0.5012,3,1212,2
dis_05255,sym_00030,1.5135,0.5045,3,1220,2
dis_05255,sym_00031,1.4913,0.4971,3,1202,2
dis_05255,sym_00056,1.4964,0.4988,3,1206,2
dis_05255,sym_00116,1.5063,0.5021,3,1214,2
dis_05255,sym_00118,1.5162,0.5054,3,1222,2
dis_05255,sym_00172,1.4592,0.4864,3,1176,2
dis_05255,sym_00174,1.4838,0.4946,3,1196,2
dis_05255,sym_00227,1.5063,0.5021,3,1214,2
dis_05255,sym_00252,1.5237,0.5079,3,1228,2
dis_05255,sym_00479,1.4937,0.4979,3,1204,2
dis_05255,sym_00481,1.5708,0.5236,3,1266,2
dis_05256,sym_00043,1.4703,0.4901,3,223,1
dis_05256,sym_00098,2.3472,0.7824,3,356,1
dis_05256,sym_00112,1.5231,0.5077,3,231,1
dis_05256,sym_00136,1.3515,0.4505,3,205,1
dis_05256,sym_00176,1.4307,0.4769,3,217,1
dis_05256,sym_00277,1.5429,0.5143,3,234,1
dis_05256,sym_00292,2.758,0.5516,5,251,1
dis_05256,sym_00293,2.0769,0.6923,3,315,1
dis_05256,sym_00299,1.6089,0.5363,3,244,1
dis_05257,sym_00172,1.7142,0.5714,3,4,1
dis_05257,sym_00173,0.8571,0.2857,3,2,1
dis_05257,sym_00174,1.7142,0.5714,3,4,1
dis_05257,sym_00420,2.5713,0.8571,3,6,1
dis_05258,sym_00172,1.7382,0.5794,3,73,1
dis_05258,sym_00173,1.5477,0.5159,3,65,1
dis_05258,sym_00174,1.7619,0.5873,3,74,1
dis_05258,sym_00227,1.7142,0.5714,3,72,1
dis_05258,sym_00385,1.4286,0.4762,3,60,1
dis_05258,sym_00479,1.6428,0.5476,3,69,1
dis_05258,sym_00481,2.6667,0.8889,3,112,1
dis_05259,sym_00174,2.8125,0.9375,3,15,1
dis_05259,sym_00184,1.3125,0.4375,3,7,1
dis_05259,sym_00242,1.5,0.5,3,8,1
dis_05259,sym_00292,3.75,0.75,5,12,1
dis_05260,sym_00159,2.151,0.717,3,38,1
dis_05260,sym_00233,1.698,0.566,3,30,1
dis_05260,sym_00236,2.0376,0.6792,3,36,1
dis_05260,sym_00242,2.0943,0.6981,3,37,1
dis_05260,sym_00337,1.0755,0.3585,3,19,1
dis_05261,sym_00018,1.515,0.505,3,1218,2
dis_05261,sym_00020,1.53,0.51,3,1230,2
dis_05261,sym_00157,1.5225,0.5075,3,1224,2
dis_05261,sym_00159,1.5174,0.5058,3,1220,2
dis_05261,sym_00199,1.4775,0.4925,3,1188,2
dis_05261,sym_00208,1.4949,0.4983,3,1202,2
dis_05261,sym_00233,1.5348,0.5116,3,1234,2
dis_05261,sym_00234,1.4751,0.4917,3,1186,2
dis_05261,sym_00235,1.5474,0.5158,3,1244,2
dis_05261,sym_00242,1.4949,0.4983,3,1202,2
dis_05261,sym_00244,1.5696,0.5232,3,1262,2
dis_05261,sym_00337,1.5498,0.5166,3,1246,2
dis_05262,sym_00029,1.4058,0.4686,3,239,1
dis_05262,sym_00030,1.5765,0.5255,3,268,1
dis_05262,sym_00035,1.4529,0.4843,3,247,1
dis_05262,sym_00056,2.0352,0.6784,3,346,1
dis_05262,sym_00116,1.5411,0.5137,3,262,1
dis_05262,sym_00281,2.0175,0.6725,3,343,1
dis_05262,sym_00292,2.402,0.4804,5,245,1
dis_05262,sym_00376,1.5294,0.5098,3,260,1
dis_05262,sym_00377,2.0472,0.6824,3,348,1
dis_05263,sym_00035,2.0691,0.6897,3,20,1
dis_05263,sym_00176,2.3793,0.7931,3,23,1
dis_05263,sym_00292,2.931,0.5862,5,17,1
dis_05263,sym_00362,2.8965,0.9655,3,28,1
dis_05264,sym_00035,1.5417,0.5139,3,878,2
dis_05264,sym_00056,1.4637,0.4879,3,833,2
dis_05264,sym_00176,1.4943,0.4981,3,850,2
dis_05264,sym_00255,1.5285,0.5095,3,870,2
dis_05264,sym_00262,1.5321,0.5107,3,872,2
dis_05264,sym_00292,2.6715,0.5343,5,913,2
dis_05264,sym_00363,1.5318,0.5106,3,872,2
dis_05264,sym_00371,1.4616,0.4872,3,832,2
dis_05264,sym_00376,1.5585,0.5195,3,887,2
dis_05264,sym_00436,1.9917,0.6639,3,1136,2
dis_05264,sym_00479,1.4769,0.4923,3,841,2
dis_05265,sym_00003,1.5471,0.5157,3,345,1
dis_05265,sym_00152,1.4664,0.4888,3,327,1
dis_05265,sym_00174,2.0313,0.6771,3,453,1
dis_05265,sym_00219,1.5381,0.5127,3,343,1
dis_05265,sym_00244,2.0628,0.6876,3,460,1
dis_05265,sym_00248,1.4439,0.4813,3,322,1
dis_05265,sym_00327,1.5741,0.5247,3,351,1
dis_05265,sym_00387,1.5201,0.5067,3,339,1
dis_05265,sym_00395,1.6098,0.5366,3,359,1
dis_05265,sym_00396,1.4664,0.4888,3,327,1
dis_05268,sym_00091,3.0,1.0,3,9,1
dis_05268,sym_00120,3.0,1.0,3,9,1
dis_05275,sym_00005,1.4325,0.4775,3,244,1
dis_05275,sym_00080,2.1368,0.5342,4,273,1
dis_05275,sym_00147,1.5498,0.5166,3,264,1
dis_05275,sym_00176,1.5204,0.5068,3,259,1
dis_05275,sym_00288,2.583,0.5166,5,264,1
dis_05275,sym_00373,2.5752,0.6438,4,329,1
dis_05275,sym_00397,1.4853,0.4951,3,253,1
dis_05275,sym_00405,1.9785,0.6595,3,337,1
dis_05275,sym_00475,1.9197,0.6399,3,327,1
dis_05276,sym_00003,1.6572,0.5524,3,58,1
dis_05276,sym_00014,2.5428,0.8476,3,89,1
dis_05276,sym_00384,1.5144,0.5048,3,53,1
dis_05276,sym_00387,2.3715,0.7905,3,83,1
dis_05276,sym_00395,1.7715,0.5905,3,62,1
dis_05276,sym_00396,1.6857,0.5619,3,59,1
dis_05278,sym_00093,1.5306,0.5102,3,25,1
dis_05278,sym_00159,2.2653,0.7551,3,37,1
dis_05278,sym_00291,2.2041,0.7347,3,36,1
dis_05278,sym_00370,2.1429,0.7143,3,35,1
dis_05278,sym_00439,2.8164,0.9388,3,46,1
dis_05279,sym_00062,2.0523,0.6841,3,262,1
dis_05279,sym_00093,1.4649,0.4883,3,187,1
dis_05279,sym_00137,2.115,0.705,3,270,1
dis_05279,sym_00289,3.316,0.6632,5,254,1
dis_05279,sym_00359,2.0208,0.6736,3,258,1
dis_05279,sym_00360,2.0208,0.6736,3,258,1
dis_05279,sym_00370,1.4568,0.4856,3,186,1
dis_05279,sym_00371,1.4883,0.4961,3,190,1
dis_05279,sym_00464,2.585,0.517,5,198,1
dis_05280,sym_00016,1.5279,0.5093,3,82,1
dis_05280,sym_00080,3.3788,0.8447,4,136,1
dis_05280,sym_00093,1.6956,0.5652,3,91,1
dis_05280,sym_00148,2.5155,0.8385,3,135,1
dis_05280,sym_00288,2.671,0.5342,5,86,1
dis_05280,sym_00370,1.5093,0.5031,3,81,1
dis_05280,sym_00464,2.888,0.5776,5,93,1
dis_05281,sym_00062,1.4898,0.4966,3,221,1
dis_05281,sym_00076,2.0136,0.5034,4,224,1
dis_05281,sym_00289,3.292,0.6584,5,293,1
dis_05281,sym_00310,1.5102,0.5034,3,224,1
dis_05281,sym_00362,1.5372,0.5124,3,228,1
dis_05281,sym_00370,1.5639,0.5213,3,232,1
dis_05281,sym_00413,1.5909,0.5303,3,236,1
dis_05281,sym_00460,2.3124,0.7708,3,343,1
dis_05281,sym_00464,2.528,0.5056,5,225,1
dis_05284,sym_00048,1.4676,0.4892,3,295,1
dis_05284,sym_00091,1.4526,0.4842,3,292,1
dis_05284,sym_00099,2.3283,0.7761,3,468,1
dis_05284,sym_00105,1.9568,0.4892,4,295,1
dis_05284,sym_00154,1.5672,0.5224,3,315,1
dis_05284,sym_00176,1.4976,0.4992,3,301,1
dis_05284,sym_00289,2.5205,0.5041,5,304,1
dis_05284,sym_00368,1.4925,0.4975,3,300,1
dis_05284,sym_00464,2.3385,0.4677,5,282,1
dis_05284,sym_00470,1.4877,0.4959,3,299,1
dis_05285,sym_00091,2.7501,0.9167,3,11,1
dis_05285,sym_00176,3.0,1.0,3,12,1
dis_05285,sym_00368,2.0001,0.6667,3,8,1
dis_05286,sym_00006,2.1336,0.7112,3,229,1
dis_05286,sym_00091,2.3571,0.7857,3,253,1
dis_05286,sym_00097,1.584,0.528,3,170,1
dis_05286,sym_00099,1.4256,0.4752,3,153,1
dis_05286,sym_00105,2.0868,0.5217,4,168,1
dis_05286,sym_00176,1.7142,0.5714,3,184,1
dis_05286,sym_00368,1.5279,0.5093,3,164,1
dis_05286,sym_00464,3.5405,0.7081,5,228,1
dis_05294,sym_00052,3.0,1.0,3,4,1
dis_05294,sym_00120,2.25,0.75,3,3,1
dis_05294,sym_00370,2.25,0.75,3,3,1
dis_05297,sym_00070,1.4394,0.4798,3,238,1
dis_05297,sym_00099,1.4757,0.4919,3,244,1
dis_05297,sym_00128,1.506,0.502,3,249,1
dis_05297,sym_00131,1.5969,0.5323,3,264,1
dis_05297,sym_00161,2.0322,0.6774,3,336,1
dis_05297,sym_00176,2.0805,0.6935,3,344,1
dis_05297,sym_00239,2.0019,0.6673,3,331,1
dis_05297,sym_00307,1.6632,0.5544,3,275,1
dis_05297,sym_00431,1.4697,0.4899,3,243,1
dis_05298,sym_00052,1.4889,0.4963,3,339,1
dis_05298,sym_00105,1.9736,0.4934,4,337,1
dis_05298,sym_00140,2.0204,0.5051,4,345,1
dis_05298,sym_00177,1.9854,0.6618,3,452,1
dis_05298,sym_00178,1.5726,0.5242,3,358,1
dis_05298,sym_00205,1.9854,0.6618,3,452,1
dis_05298,sym_00353,1.5636,0.5212,3,356,1
dis_05298,sym_00359,1.4847,0.4949,3,338,1
dis_05298,sym_00360,1.4847,0.4949,3,338,1
dis_05298,sym_00470,1.5726,0.5242,3,358,1
dis_05298,sym_00473,1.4847,0.4949,3,338,1
dis_05301,sym_00025,1.4001,0.4667,3,238,1
dis_05301,sym_00062,1.4472,0.4824,3,246,1
dis_05301,sym_00093,1.4472,0.4824,3,246,1
dis_05301,sym_00148,2.0472,0.6824,3,348,1
dis_05301,sym_00204,2.0118,0.6706,3,342,1
dis_05301,sym_00261,1.5354,0.5118,3,261,1
dis_05301,sym_00289,3.3135,0.6627,5,338,1
dis_05301,sym_00370,1.5117,0.5039,3,257,1
dis_05301,sym_00455,1.5117,0.5039,3,257,1
dis_05304,sym_00052,2.0778,0.6926,3,196,1
dis_05304,sym_00062,2.0142,0.6714,3,190,1
dis_05304,sym_00076,1.9648,0.4912,4,139,1
dis_05304,sym_00289,3.498,0.6996,5,198,1
dis_05304,sym_00362,2.0142,0.6714,3,190,1
dis_05304,sym_00370,1.5582,0.5194,3,147,1
dis_05304,sym_00464,3.198,0.6396,5,181,1
dis_05305,sym_00068,1.5744,0.5248,3,465,1
dis_05305,sym_00105,2.0452,0.5113,4,453,1
dis_05305,sym_00140,2.0812,0.5203,4,461,1
dis_05305,sym_00266,1.5069,0.5023,3,445,1
dis_05305,sym_00282,1.2754,0.6377,2,565,1
dis_05305,sym_00317,2.0588,0.5147,4,456,1
dis_05305,sym_00327,1.6017,0.5339,3,473,1
dis_05305,sym_00371,1.6152,0.5384,3,477,1
dis_05305,sym_00373,4.0224,1.0056,4,891,1
dis_05305,sym_00439,1.5069,0.5023,3,445,1
dis_05320,sym_00003,1.512,0.504,3,254,1
dis_05320,sym_00016,1.6251,0.5417,3,273,1
dis_05320,sym_00152,2.0061,0.6687,3,337,1
dis_05320,sym_00219,1.512,0.504,3,254,1
dis_05320,sym_00223,1.5654,0.5218,3,263,1
dis_05320,sym_00336,2.0475,0.6825,3,344,1
dis_05320,sym_00384,1.4346,0.4782,3,241,1
dis_05320,sym_00395,1.4523,0.4841,3,244,1
dis_05320,sym_00460,1.9821,0.6607,3,333,1
dis_05325,sym_00002,3.8,0.95,4,114,1
dis_05325,sym_00085,3.8,0.95,4,114,1
dis_05325,sym_00140,3.8,0.95,4,114,1
dis_05325,sym_00181,6.65,0.95,7,114,1
dis_05325,sym_00217,0.95,0.95,1,114,1
dis_05325,sym_00464,4.75,0.95,5,114,1
dis_05325,sym_00474,2.85,0.95,3,114,1
dis_05325,sym_00486,2.85,0.95,3,114,1
dis_05326,sym_00096,2.268,0.756,3,254,1
dis_05326,sym_00136,1.4733,0.4911,3,165,1
dis_05326,sym_00176,1.6071,0.5357,3,180,1
dis_05326,sym_00226,1.9911,0.6637,3,223,1
dis_05326,sym_00277,1.5,0.5,3,168,1
dis_05326,sym_00291,2.0358,0.6786,3,228,1
dis_05326,sym_00327,1.5357,0.5119,3,172,1
dis_05326,sym_00447,1.5357,0.5119,3,172,1
dis_05335,sym_00018,1.6035,0.5345,3,240,1
dis_05335,sym_00020,1.6236,0.5412,3,243,1
dis_05335,sym_00116,1.4433,0.4811,3,216,1
dis_05335,sym_00233,1.5234,0.5078,3,228,1
dis_05335,sym_00234,2.0979,0.6993,3,314,1
dis_05335,sym_00235,1.6101,0.5367,3,241,1
dis_05335,sym_00337,1.53,0.51,3,229,1
dis_05335,sym_00479,2.2785,0.7595,3,341,1
dis_05335,sym_00481,1.5234,0.5078,3,228,1
dis_05358,sym_00035,1.8183,0.6061,3,20,1
dis_05358,sym_00172,2.7273,0.9091,3,30,1
dis_05358,sym_00227,2.0001,0.6667,3,22,1
dis_05358,sym_00233,1.8183,0.6061,3,20,1
dis_05358,sym_00481,2.8182,0.9394,3,31,1
dis_05365,sym_00090,3.0,1.0,3,1,1
dis_05365,sym_00119,3.0,1.0,3,1,1
dis_05391,sym_00053,1.8375,0.6125,3,49,1
dis_05391,sym_00167,2.3625,0.7875,3,63,1
dis_05391,sym_00207,2.3625,0.7875,3,63,1
dis_05391,sym_00230,1.6125,0.5375,3,43,1
dis_05391,sym_00362,1.5375,0.5125,3,41,1
dis_05393,sym_00097,1.2354,0.4118,3,7,1
dis_05393,sym_00142,2.8236,0.9412,3,16,1
dis_05393,sym_00373,2.5884,0.6471,4,11,1
dis_05393,sym_00435,1.9413,0.6471,3,11,1
dis_05395,sym_00031,1.5426,0.5142,3,145,1
dis_05395,sym_00244,1.4682,0.4894,3,138,1
dis_05395,sym_00289,2.6775,0.5355,5,151,1
dis_05395,sym_00371,2.0637,0.6879,3,194,1
dis_05395,sym_00373,2.014,0.5035,4,142,1
dis_05395,sym_00422,2.298,0.766,3,216,1
dis_05395,sym_00435,1.5,0.5,3,141,1
dis_05395,sym_00464,2.5355,0.5071,5,143,1
dis_05397,sym_00035,1.5795,0.5265,3,476,1
dis_05397,sym_00053,1.4337,0.4779,3,432,1
dis_05397,sym_00165,1.5399,0.5133,3,464,1
dis_05397,sym_00255,1.5264,0.5088,3,460,1
dis_05397,sym_00261,1.47,0.49,3,443,1
dis_05397,sym_00314,1.53,0.51,3,461,1
dis_05397,sym_00362,1.4403,0.4801,3,434,1
dis_05397,sym_00370,1.4802,0.4934,3,446,1
dis_05397,sym_00380,1.5729,0.5243,3,474,1
dis_05397,sym_00416,1.5033,0.5011,3,453,1
dis_05397,sym_00464,3.529,0.7058,5,638,1
dis_05413,sym_00232,2.6037,0.8679,3,92,1
dis_05413,sym_00233,1.5282,0.5094,3,54,1
dis_05413,sym_00234,1.698,0.566,3,60,1
dis_05413,sym_00235,1.5849,0.5283,3,56,1
dis_05413,sym_00236,1.6698,0.5566,3,59,1
dis_05413,sym_00243,1.3869,0.4623,3,49,1
dis_05413,sym_00245,1.698,0.566,3,60,1
dis_05437,sym_00098,2.0046,0.6682,3,437,1
dis_05437,sym_00105,1.994,0.4985,4,326,1
dis_05437,sym_00112,2.0964,0.6988,3,457,1
dis_05437,sym_00176,1.5504,0.5168,3,338,1
dis_05437,sym_00252,1.5825,0.5275,3,345,1
dis_05437,sym_00289,2.523,0.5046,5,330,1
dis_05437,sym_00329,1.4724,0.4908,3,321,1
dis_05437,sym_00407,1.4907,0.4969,3,325,1
dis_05437,sym_00417,1.5504,0.5168,3,338,1
dis_05437,sym_00464,2.676,0.5352,5,350,1
dis_05440,sym_00062,1.7079,0.5693,3,78,1
dis_05440,sym_00093,1.5327,0.5109,3,70,1
dis_05440,sym_00148,2.2335,0.7445,3,102,1
dis_05440,sym_00194,2.2116,0.7372,3,101,1
dis_05440,sym_00288,4.27,0.854,5,117,1
dis_05440,sym_00373,2.2188,0.5547,4,76,1
dis_05457,sym_00079,1.5087,0.5029,3,341,1
dis_05457,sym_00080,2.0472,0.5118,4,347,1
dis_05457,sym_00096,1.4868,0.4956,3,336,1
dis_05457,sym_00097,1.9824,0.6608,3,448,1
dis_05457,sym_00112,1.5399,0.5133,3,348,1
dis_05457,sym_00147,1.5441,0.5147,3,349,1
dis_05457,sym_00189,1.4424,0.4808,3,326,1
dis_05457,sym_00288,2.5665,0.5133,5,348,1
dis_05457,sym_00405,1.5486,0.5162,3,350,1
dis_05457,sym_00439,2.0751,0.6917,3,469,1
dis_05464,sym_00029,1.629,0.543,3,183,1
dis_05464,sym_00116,1.5756,0.5252,3,177,1
dis_05464,sym_00172,2.0118,0.6706,3,226,1
dis_05464,sym_00173,2.0565,0.6855,3,231,1
dis_05464,sym_00227,2.2254,0.7418,3,250,1
dis_05464,sym_00252,1.5489,0.5163,3,174,1
dis_05464,sym_00376,1.3977,0.4659,3,157,1
dis_05464,sym_00479,1.5579,0.5193,3,175,1
dis_05508,sym_00140,2.0,0.5,4,5,1
dis_05508,sym_00147,1.2,0.4,3,4,1
dis_05508,sym_00277,1.8,0.6,3,6,1
dis_05508,sym_00283,3.0,1.0,3,10,1
dis_05518,sym_00006,1.8987,0.6329,3,50,1
dis_05518,sym_00089,1.443,0.481,3,38,1
dis_05518,sym_00091,2.2026,0.7342,3,58,1
dis_05518,sym_00103,1.5948,0.5316,3,42,1
dis_05518,sym_00190,2.5062,0.8354,3,66,1
dis_05521,sym_00080,2.3384,0.5846,4,38,1
dis_05521,sym_00219,1.7538,0.5846,3,38,1
dis_05521,sym_00223,2.4462,0.8154,3,53,1
dis_05521,sym_00241,2.5386,0.8462,3,55,1
dis_05521,sym_00288,4.6925,0.9385,5,61,1
dis_05522,sym_00003,3.0,1.0,3,9,1
dis_05522,sym_00097,3.0,1.0,3,9,1
dis_05522,sym_00385,3.0,1.0,3,9,1
dis_05525,sym_00097,2.4408,0.8136,3,48,1
dis_05525,sym_00219,1.8306,0.6102,3,36,1
dis_05525,sym_00387,1.6779,0.5593,3,33,1
dis_05525,sym_00395,1.6272,0.5424,3,32,1
dis_05525,sym_00460,2.7966,0.9322,3,55,1
dis_05548,sym_00003,1.5483,0.5161,3,353,1
dis_05548,sym_00028,1.5657,0.5219,3,357,1
dis_05548,sym_00034,1.4826,0.4942,3,338,1
dis_05548,sym_00056,2.0481,0.6827,3,467,1
dis_05548,sym_00167,1.9692,0.6564,3,449,1
dis_05548,sym_00291,1.5306,0.5102,3,349,1
dis_05548,sym_00375,1.5351,0.5117,3,350,1
dis_05548,sym_00385,1.5087,0.5029,3,344,1
dis_05548,sym_00387,1.5132,0.5044,3,345,1
dis_05548,sym_00396,1.4034,0.4678,3,320,1
dis_05555,sym_00086,1.9593,0.6531,3,32,1
dis_05555,sym_00167,2.8164,0.9388,3,46,1
dis_05555,sym_00370,1.7142,0.5714,3,28,1
dis_05555,sym_00413,1.7142,0.5714,3,28,1
dis_05555,sym_00455,1.4694,0.4898,3,24,1
dis_05556,sym_00052,1.5336,0.5112,3,1236,2
dis_05556,sym_00093,1.4913,0.4971,3,1202,2
dis_05556,sym_00177,1.4865,0.4955,3,1198,2
dis_05556,sym_00224,1.5285,0.5095,3,1232,2
dis_05556,sym_00289,2.6055,0.5211,5,1260,2
dis_05556,sym_00327,1.5309,0.5103,3,1234,2
dis_05556,sym_00370,1.521,0.507,3,1226,2
dis_05556,sym_00373,1.9092,0.4773,4,1154,2
dis_05556,sym_00380,1.4964,0.4988,3,1206,2
dis_05556,sym_00453,1.5135,0.5045,3,1220,2
dis_05556,sym_00455,1.5732,0.5244,3,1268,2
dis_05556,sym_00470,1.4913,0.4971,3,1202,2
dis_05581,sym_00035,1.7886,0.5962,3,93,1
dis_05581,sym_00184,2.2884,0.7628,3,119,1
dis_05581,sym_00242,1.6731,0.5577,3,87,1
dis_05581,sym_00254,1.9809,0.6603,3,103,1
dis_05581,sym_00255,1.8078,0.6026,3,94,1
dis_05581,sym_00282,1.359,0.6795,2,106,1
dis_05581,sym_00380,2.2308,0.7436,3,116,1
dis_05584,sym_00080,2.2744,0.5686,4,29,1
dis_05584,sym_00086,1.5294,0.5098,3,26,1
dis_05584,sym_00140,2.3528,0.5882,4,30,1
dis_05584,sym_00179,2.0001,0.6667,3,34,1
dis_05584,sym_00245,1.5294,0.5098,3,26,1
dis_05584,sym_00373,2.1176,0.5294,4,27,1
dis_05584,sym_00402,1.5294,0.5098,3,26,1
dis_05585,sym_00012,2.1999,0.7333,3,11,1
dis_05585,sym_00035,1.8,0.6,3,9,1
dis_05585,sym_00371,2.4,0.8,3,12,1
dis_05585,sym_00373,4.0,1.0,4,15,1
dis_05588,sym_00003,1.5639,0.5213,3,110,1
dis_05588,sym_00091,2.0616,0.6872,3,145,1
dis_05588,sym_00140,2.0284,0.5071,4,107,1
dis_05588,sym_00147,1.6494,0.5498,3,116,1
dis_05588,sym_00176,2.0331,0.6777,3,143,1
dis_05588,sym_00184,2.5023,0.8341,3,176,1
dis_05588,sym_00434,1.5072,0.5024,3,106,1
dis_05589,sym_00080,3.064,0.766,4,347,1
dis_05589,sym_00112,1.4901,0.4967,3,225,1
dis_05589,sym_00147,1.596,0.532,3,241,1
dis_05589,sym_00291,1.4901,0.4967,3,225,1
dis_05589,sym_00292,2.5385,0.5077,5,230,1
dis_05589,sym_00294,1.6224,0.5408,3,245,1
dis_05589,sym_00370,1.9536,0.6512,3,295,1
dis_05589,sym_00396,1.4637,0.4879,3,221,1
dis_05589,sym_00405,1.5099,0.5033,3,228,1
dis_05591,sym_00029,3.0,1.0,3,3,1
dis_05591,sym_00294,3.0,1.0,3,3,1
dis_05593,sym_00003,1.5504,0.5168,3,261,1
dis_05593,sym_00152,1.6041,0.5347,3,270,1
dis_05593,sym_00159,2.0079,0.6693,3,338,1
dis_05593,sym_00242,1.503,0.501,3,253,1
dis_05593,sym_00244,1.5387,0.5129,3,259,1
dis_05593,sym_00266,1.9485,0.6495,3,328,1
dis_05593,sym_00327,1.485,0.495,3,250,1
dis_05593,sym_00387,1.5801,0.5267,3,266,1
dis_05593,sym_00442,2.0019,0.6673,3,337,1
dis_05599,sym_00112,2.85,0.95,3,19,1
dis_05599,sym_00232,2.55,0.85,3,17,1
dis_05599,sym_00405,1.65,0.55,3,11,1
dis_05600,sym_00140,1.8648,0.4662,4,62,1
dis_05600,sym_00167,2.5038,0.8346,3,111,1
dis_05600,sym_00189,2.2557,0.7519,3,100,1
dis_05600,sym_00221,2.2332,0.7444,3,99,1
dis_05600,sym_00291,1.7367,0.5789,3,77,1
dis_05600,sym_00359,1.7367,0.5789,3,77,1
dis_05600,sym_00360,1.7367,0.5789,3,77,1
dis_05610,sym_00008,1.5207,0.5069,3,875,2
dis_05610,sym_00044,1.4982,0.4994,3,862,2
dis_05610,sym_00048,1.5585,0.5195,3,897,2
dis_05610,sym_00099,1.4895,0.4965,3,857,2
dis_05610,sym_00106,1.968,0.656,3,1134,2
dis_05610,sym_00161,1.6017,0.5339,3,922,2
dis_05610,sym_00216,1.4757,0.4919,3,849,2
dis_05610,sym_00239,1.5399,0.5133,3,886,2
dis_05610,sym_00307,1.4877,0.4959,3,856,2
dis_05610,sym_00407,1.4964,0.4988,3,861,2
dis_05610,sym_00431,1.476,0.492,3,849,2
dis_05617,sym_00105,2.9716,0.7429,4,26,1
dis_05617,sym_00242,1.5429,0.5143,3,18,1
dis_05617,sym_00371,3.0,1.0,3,35,1
dis_05617,sym_00373,3.5428,0.8857,4,31,1
dis_05622,sym_00069,2.85,0.95,3,114,1
dis_05622,sym_00094,5.4,0.9,6,108,1
dis_05622,sym_00137,3.0,1.0,3,15,1
dis_05622,sym_00147,2.0001,0.6667,3,10,1
dis_05622,sym_00176,2.7249,0.9083,3,127,2
dis_05622,sym_00181,6.65,0.95,7,114,1
dis_05622,sym_00232,2.4,0.8,3,12,1
dis_05622,sym_00282,2.0,1.0,2,120,1
dis_05622,sym_00289,4.75,0.95,5,114,1
dis_05622,sym_00417,2.85,0.95,3,114,1
dis_05622,sym_00464,4.75,0.95,5,114,1
dis_05624,sym_00003,2.0436,0.6812,3,94,1
dis_05624,sym_00061,1.9782,0.6594,3,91,1
dis_05624,sym_00214,2.4783,0.8261,3,114,1
dis_05624,sym_00268,1.7175,0.5725,3,79,1
dis_05624,sym_00309,1.8477,0.6159,3,85,1
dis_05624,sym_00420,2.3262,0.7754,3,107,1
dis_05628,sym_00091,2.3205,0.7735,3,140,1
dis_05628,sym_00176,1.6575,0.5525,3,100,1
dis_05628,sym_00204,2.4696,0.8232,3,149,1
dis_05628,sym_00262,1.5579,0.5193,3,94,1
dis_05628,sym_00371,1.4088,0.4696,3,85,1
dis_05628,sym_00373,2.0112,0.5028,4,91,1
dis_05628,sym_00464,2.6795,0.5359,5,97,1
dis_05650,sym_00011,1.5768,0.5256,3,1272,2
dis_05650,sym_00025,1.4652,0.4884,3,1182,2
dis_05650,sym_00089,1.485,0.495,3,1198,2
dis_05650,sym_00090,1.4949,0.4983,3,1206,2
dis_05650,sym_00091,1.4976,0.4992,3,1208,2
dis_05650,sym_00097,1.4802,0.4934,3,1194,2
dis_05650,sym_00108,1.5273,0.5091,3,1232,2
dis_05650,sym_00122,1.5594,0.5198,3,1258,2
dis_05650,sym_00141,1.5348,0.5116,3,1238,2
dis_05650,sym_00190,1.5495,0.5165,3,1250,2
dis_05650,sym_00259,1.557,0.519,3,1256,2
dis_05650,sym_00437,1.4727,0.4909,3,1188,2
dis_05657,sym_00030,2.8236,0.9412,3,16,1
dis_05657,sym_00311,2.8236,0.9412,3,16,1
dis_05657,sym_00396,2.1177,0.7059,3,12,1
dis_05660,sym_00080,3.0,0.75,4,108,1
dis_05660,sym_00098,2.3751,0.7917,3,114,1
dis_05660,sym_00105,2.2224,0.5556,4,80,1
dis_05660,sym_00112,1.5624,0.5208,3,75,1
dis_05660,sym_00136,1.4166,0.4722,3,68,1
dis_05660,sym_00288,3.889,0.7778,5,112,1
dis_05674,sym_00232,3.0,1.0,3,4,1
dis_05674,sym_00261,3.0,1.0,3,4,1
dis_05699,sym_00003,1.572,0.524,3,142,1
dis_05699,sym_00209,1.6053,0.5351,3,145,1
dis_05699,sym_00222,1.9482,0.6494,3,176,1
dis_05699,sym_00385,1.6272,0.5424,3,147,1
dis_05699,sym_00387,1.5942,0.5314,3,144,1
dis_05699,sym_00388,1.5276,0.5092,3,138,1
dis_05699,sym_00396,1.5054,0.5018,3,136,1
dis_05699,sym_00427,2.3802,0.7934,3,215,1
dis_05705,sym_00016,1.4733,0.4911,3,138,1
dis_05705,sym_00098,1.5267,0.5089,3,143,1
dis_05705,sym_00105,2.05,0.5125,4,144,1
dis_05705,sym_00112,1.9965,0.6655,3,187,1
dis_05705,sym_00136,2.3487,0.7829,3,220,1
dis_05705,sym_00176,1.5054,0.5018,3,141,1
dis_05705,sym_00289,2.598,0.5196,5,146,1
dis_05705,sym_00364,1.5693,0.5231,3,147,1
dis_05706,sym_00091,2.8332,0.9444,3,17,1
dis_05706,sym_00103,2.1666,0.7222,3,13,1
dis_05706,sym_00105,4.0,1.0,4,18,1
dis_05706,sym_00176,2.1666,0.7222,3,13,1
dis_05706,sym_00470,2.1666,0.7222,3,13,1
dis_05707,sym_00012,1.5456,0.5152,3,153,1
dis_05707,sym_00080,3.1112,0.7778,4,231,1
dis_05707,sym_00147,1.596,0.532,3,158,1
dis_05707,sym_00176,1.4544,0.4848,3,144,1
dis_05707,sym_00289,3.8045,0.7609,5,226,1
dis_05707,sym_00292,2.559,0.5118,5,152,1
dis_05707,sym_00293,1.3737,0.4579,3,136,1
dis_05707,sym_00464,2.643,0.5286,5,157,1
dis_05712,sym_00010,1.3422,0.4474,3,34,1
dis_05712,sym_00191,2.25,0.75,3,57,1
dis_05712,sym_00207,2.4867,0.8289,3,63,1
dis_05712,sym_00417,1.7367,0.5789,3,44,1
dis_05712,sym_00451,1.1841,0.3947,3,30,1
dis_05712,sym_00460,2.6052,0.8684,3,66,1
dis_05730,sym_00030,2.4705,0.8235,3,28,1
dis_05730,sym_00224,2.9118,0.9706,3,33,1
dis_05730,sym_00402,1.4118,0.4706,3,16,1
dis_05730,sym_00473,1.0587,0.3529,3,12,1
dis_05738,sym_00086,1.5555,0.5185,3,14,1
dis_05738,sym_00140,2.2224,0.5556,4,15,1
dis_05738,sym_00154,1.6668,0.5556,3,15,1
dis_05738,sym_00291,1.6668,0.5556,3,15,1
dis_05738,sym_00459,2.5557,0.8519,3,23,1
dis_05785,sym_00013,2.85,0.95,3,114,1
dis_05785,sym_00048,1.9683,0.6561,3,145,1
dis_05785,sym_00055,4.75,0.95,5,114,1
dis_05785,sym_00090,2.85,0.95,3,114,1
dis_05785,sym_00099,1.629,0.543,3,120,1
dis_05785,sym_00103,1.5474,0.5158,3,114,1
dis_05785,sym_00105,2.0452,0.5113,4,113,1
dis_05785,sym_00125,3.8,0.95,4,114,1
dis_05785,sym_00176,2.1783,0.7261,3,225,2
dis_05785,sym_00198,4.75,0.95,5,114,1
dis_05785,sym_00213,1.9,0.95,2,114,1
dis_05785,sym_00289,2.828,0.5656,5,125,1
dis_05785,sym_00407,1.6017,0.5339,3,118,1
dis_05785,sym_00410,3.8,0.95,4,114,1
dis_05785,sym_00434,1.4526,0.4842,3,107,1
dis_05785,sym_00463,2.85,0.95,3,114,1
dis_05785,sym_00464,2.6925,0.5385,5,119,1
dis_05793,sym_00050,1.3761,0.4587,3,172,1
dis_05793,sym_00052,2.4561,0.8187,3,307,1
dis_05793,sym_00083,1.512,0.504,3,189,1
dis_05793,sym_00205,1.6161,0.5387,3,202,1
dis_05793,sym_00261,1.4721,0.4907,3,184,1
dis_05793,sym_00305,1.4961,0.4987,3,187,1
dis_05793,sym_00336,1.6479,0.5493,3,206,1
dis_05793,sym_00370,1.4961,0.4987,3,187,1
dis_05793,sym_00408,1.584,0.528,3,198,1
dis_05805,sym_00068,1.6368,0.5456,3,275,1
dis_05805,sym_00105,2.0636,0.5159,4,260,1
dis_05805,sym_00140,2.008,0.502,4,253,1
dis_05805,sym_00197,1.4226,0.4742,3,239,1
dis_05805,sym_00211,1.9881,0.6627,3,334,1
dis_05805,sym_00296,1.5774,0.5258,3,265,1
dis_05805,sym_00371,1.488,0.496,3,250,1
dis_05805,sym_00373,2.7144,0.6786,4,342,1
dis_05805,sym_00417,2.0595,0.6865,3,346,1
dis_05808,sym_00093,2.8869,0.9623,3,51,1
dis_05808,sym_00261,1.698,0.566,3,30,1
dis_05808,sym_00312,1.7547,0.5849,3,31,1
dis_05808,sym_00322,1.698,0.566,3,30,1
dis_05808,sym_00370,1.6416,0.5472,3,29,1
dis_05808,sym_00464,2.9245,0.5849,5,31,1
dis_05815,sym_00003,2.049,0.683,3,349,1
dis_05815,sym_00014,2.1075,0.7025,3,359,1
dis_05815,sym_00219,1.5735,0.5245,3,268,1
dis_05815,sym_00232,1.9842,0.6614,3,338,1
dis_05815,sym_00384,1.4148,0.4716,3,241,1
dis_05815,sym_00387,1.4853,0.4951,3,253,1
dis_05815,sym_00395,1.4736,0.4912,3,251,1
dis_05815,sym_00396,1.4091,0.4697,3,240,1
dis_05815,sym_00468,1.5204,0.5068,3,259,1
dis_05820,sym_00018,1.5534,0.5178,3,350,1
dis_05820,sym_00029,1.5267,0.5089,3,344,1
dis_05820,sym_00116,1.4955,0.4985,3,337,1
dis_05820,sym_00157,1.4823,0.4941,3,334,1
dis_05820,sym_00172,1.9881,0.6627,3,448,1
dis_05820,sym_00175,1.5753,0.5251,3,355,1
dis_05820,sym_00242,1.9881,0.6627,3,448,1
dis_05820,sym_00252,1.5177,0.5059,3,342,1
dis_05820,sym_00376,1.4733,0.4911,3,332,1
dis_05820,sym_00479,1.5888,0.5296,3,358,1
dis_05821,sym_00080,3.1784,0.7946,4,263,1
dis_05821,sym_00145,2.0754,0.6918,3,229,1
dis_05821,sym_00147,1.6041,0.5347,3,177,1
dis_05821,sym_00176,1.5588,0.5196,3,172,1
dis_05821,sym_00288,2.447,0.4894,5,162,1
dis_05821,sym_00395,1.5408,0.5136,3,170,1
dis_05821,sym_00405,1.6404,0.5468,3,181,1
dis_05821,sym_00427,2.148,0.716,3,237,1
dis_05830,sym_00091,3.0,1.0,3,12,1
dis_05830,sym_00119,2.7501,0.9167,3,11,1
dis_05851,sym_00086,1.557,0.519,3,150,1
dis_05851,sym_00096,2.2317,0.7439,3,215,1
dis_05851,sym_00147,1.4532,0.4844,3,140,1
dis_05851,sym_00214,2.2629,0.7543,3,218,1
dis_05851,sym_00277,1.6401,0.5467,3,158,1
dis_05851,sym_00278,1.7127,0.5709,3,165,1
dis_05851,sym_00405,1.6089,0.5363,3,155,1
dis_05851,sym_00444,1.6194,0.5398,3,156,1
dis_05876,sym_00103,1.647,0.549,3,28,1
dis_05876,sym_00140,2.2744,0.5686,4,29,1
dis_05876,sym_00248,2.7648,0.9216,3,47,1
dis_05876,sym_00337,1.8825,0.6275,3,32,1
dis_05876,sym_00470,1.353,0.451,3,23,1
dis_05881,sym_00006,1.9599,0.6533,3,1135,2
dis_05881,sym_00103,1.5318,0.5106,3,886,2
dis_05881,sym_00105,1.9548,0.4887,4,848,2
dis_05881,sym_00140,2.0728,0.5182,4,899,2
dis_05881,sym_00154,1.4616,0.4872,3,845,2
dis_05881,sym_00176,1.4715,0.4905,3,851,2
dis_05881,sym_00245,1.6236,0.5412,3,939,2
dis_05881,sym_00252,1.5882,0.5294,3,919,2
dis_05881,sym_00319,1.5048,0.5016,3,870,2
dis_05881,sym_00337,1.5318,0.5106,3,886,2
dis_05881,sym_00470,1.5318,0.5106,3,886,2
dis_05887,sym_00112,2.4,0.8,3,36,1
dis_05887,sym_00378,2.4666,0.8222,3,37,1
dis_05887,sym_00405,2.0667,0.6889,3,31,1
dis_05887,sym_00427,2.7333,0.9111,3,41,1
dis_05889,sym_00006,1.4778,0.4926,3,334,1
dis_05889,sym_00029,1.5531,0.5177,3,351,1
dis_05889,sym_00035,1.5132,0.5044,3,342,1
dis_05889,sym_00176,1.5885,0.5295,3,359,1
dis_05889,sym_00242,2.0088,0.6696,3,454,1
dis_05889,sym_00252,1.5708,0.5236,3,355,1
dis_05889,sym_00255,2.0532,0.6844,3,464,1
dis_05889,sym_00281,1.5,0.5,3,339,1
dis_05889,sym_00292,2.603,0.5206,5,353,1
dis_05889,sym_00371,1.4337,0.4779,3,324,1
dis_05891,sym_00080,3.7332,0.9333,4,42,1
dis_05891,sym_00140,2.8444,0.7111,4,32,1
dis_05891,sym_00142,1.1334,0.3778,3,17,1
dis_05891,sym_00184,2.7999,0.9333,3,42,1
dis_05891,sym_00288,3.4445,0.6889,5,31,1
dis_05898,sym_00081,2.0373,0.6791,3,91,1
dis_05898,sym_00105,3.612,0.903,4,121,1
dis_05898,sym_00106,1.8357,0.6119,3,82,1
dis_05898,sym_00140,2.3284,0.5821,4,78,1
dis_05898,sym_00373,3.6416,0.9104,4,122,1
dis_05898,sym_00400,1.5447,0.5149,3,69,1
dis_05898,sym_00470,1.8135,0.6045,3,81,1
dis_05909,sym_00069,2.0001,0.6667,3,2,1
dis_05909,sym_00097,3.0,1.0,3,3,1
dis_05909,sym_00140,1.3332,0.3333,4,1,1
dis_05918,sym_00029,1.5084,0.5028,3,864,2
dis_05918,sym_00063,1.5201,0.5067,3,870,2
dis_05918,sym_00067,6.65,0.95,7,114,1
dis_05918,sym_00068,1.4712,0.4904,3,842,2
dis_05918,sym_00137,1.6107,0.5369,3,922,2
dis_05918,sym_00177,1.8888,0.6296,3,1083,2
dis_05918,sym_00197,1.5651,0.5217,3,896,2
dis_05918,sym_00211,1.4829,0.4943,3,849,2
dis_05918,sym_00289,2.655,0.531,5,912,2
dis_05918,sym_00371,1.4751,0.4917,3,844,2
dis_05918,sym_00373,2.5184,0.6296,4,957,3
dis_05918,sym_00417,1.8906,0.6302,3,958,3
dis_05918,sym_00464,4.5,0.9,5,108,1
dis_05919,sym_00105,4.0,1.0,4,1,1
dis_05919,sym_00317,4.0,1.0,4,1,1
dis_05919,sym_00371,3.0,1.0,3,1,1
dis_05922,sym_00006,1.6365,0.5455,3,6,1
dis_05922,sym_00204,3.0,1.0,3,11,1
dis_05922,sym_00284,2.1819,0.7273,3,8,1
dis_05922,sym_00368,1.9092,0.6364,3,7,1
dis_05929,sym_00048,1.5402,0.5134,3,230,1
dis_05929,sym_00099,1.5669,0.5223,3,234,1
dis_05929,sym_00129,1.9488,0.6496,3,291,1
dis_05929,sym_00130,1.5267,0.5089,3,228,1
dis_05929,sym_00131,1.5804,0.5268,3,236,1
dis_05929,sym_00161,2.3304,0.7768,3,348,1
dis_05929,sym_00307,1.5603,0.5201,3,233,1
dis_05929,sym_00407,1.5066,0.5022,3,225,1
dis_05929,sym_00431,1.5267,0.5089,3,228,1
dis_05931,sym_00176,2.2116,0.7372,3,101,1
dis_05931,sym_00184,2.4744,0.8248,3,113,1
dis_05931,sym_00233,1.6203,0.5401,3,74,1
dis_05931,sym_00242,1.7517,0.5839,3,80,1
dis_05931,sym_00252,1.4235,0.4745,3,65,1
dis_05931,sym_00337,2.3211,0.7737,3,106,1
dis_05951,sym_00026,1.6773,0.5591,3,104,1
dis_05951,sym_00103,2.2902,0.7634,3,142,1
dis_05951,sym_00140,2.1292,0.5323,4,99,1
dis_05951,sym_00176,1.6452,0.5484,3,102,1
dis_05951,sym_00204,2.3871,0.7957,3,148,1
dis_05951,sym_00373,2.8172,0.7043,4,131,1
dis_05951,sym_00397,1.8549,0.6183,3,115,1
dis_05952,sym_00016,1.5843,0.5281,3,188,1
dis_05952,sym_00080,2.7304,0.6826,4,243,1
dis_05952,sym_00136,1.5084,0.5028,3,179,1
dis_05952,sym_00166,2.1237,0.7079,3,252,1
dis_05952,sym_00176,1.7106,0.5702,3,203,1
dis_05952,sym_00189,2.0478,0.6826,3,243,1
dis_05952,sym_00288,2.739,0.5478,5,195,1
dis_05952,sym_00313,2.1153,0.7051,3,251,1
dis_05958,sym_00119,2.0001,0.6667,3,2,1
dis_05958,sym_00184,3.0,1.0,3,3,1
dis_05958,sym_00242,3.0,1.0,3,3,1
dis_05965,sym_00066,1.5882,0.5294,3,18,1
dis_05965,sym_00199,1.8528,0.6176,3,21,1
dis_05965,sym_00214,1.3236,0.4412,3,15,1
dis_05965,sym_00224,1.6764,0.5588,3,19,1
dis_05965,sym_00238,2.8236,0.9412,3,32,1
dis_05978,sym_00029,1.5,0.5,3,140,1
dis_05978,sym_00116,1.5429,0.5143,3,144,1
dis_05978,sym_00173,2.4213,0.8071,3,226,1
dis_05978,sym_00292,3.375,0.675,5,189,1
dis_05978,sym_00337,1.6287,0.5429,3,152,1
dis_05978,sym_00376,1.6179,0.5393,3,151,1
dis_05978,sym_00377,1.5429,0.5143,3,144,1
dis_05978,sym_00379,1.4571,0.4857,3,136,1
dis_05983,sym_00012,1.4913,0.4971,3,340,1
dis_05983,sym_00029,1.4913,0.4971,3,340,1
dis_05983,sym_00035,1.5657,0.5219,3,357,1
dis_05983,sym_00176,2.0394,0.6798,3,465,1
dis_05983,sym_00184,1.9824,0.6608,3,452,1
dis_05983,sym_00242,1.4034,0.4678,3,320,1
dis_05983,sym_00252,1.5525,0.5175,3,354,1
dis_05983,sym_00255,1.5132,0.5044,3,345,1
dis_05983,sym_00292,2.573,0.5146,5,352,1
dis_05983,sym_00376,1.5351,0.5117,3,350,1
dis_05991,sym_00003,1.5999,0.5333,3,16,1
dis_05991,sym_00006,2.7,0.9,3,27,1
dis_05991,sym_00167,2.4999,0.8333,3,25,1
dis_05991,sym_00176,1.7001,0.5667,3,17,1
dis_06012,sym_00080,3.0,0.75,4,30,1
dis_06012,sym_00157,2.475,0.825,3,33,1
dis_06012,sym_00252,1.65,0.55,3,22,1
dis_06012,sym_00337,1.8,0.6,3,24,1
dis_06012,sym_00464,4.75,0.95,5,38,1
dis_06015,sym_00025,1.47,0.49,3,442,1
dis_06015,sym_00089,1.4733,0.4911,3,443,1
dis_06015,sym_00090,1.5366,0.5122,3,462,1
dis_06015,sym_00091,1.4901,0.4967,3,448,1
dis_06015,sym_00108,1.5267,0.5089,3,459,1
dis_06015,sym_00122,1.5366,0.5122,3,462,1
dis_06015,sym_00176,1.5201,0.5067,3,457,1
dis_06015,sym_00190,1.5633,0.5211,3,470,1
dis_06015,sym_00204,1.5201,0.5067,3,457,1
dis_06015,sym_00301,1.5333,0.5111,3,461,1
dis_06015,sym_00402,1.9857,0.6619,3,597,1
dis_06036,sym_00105,2.9032,0.7258,4,45,1
dis_06036,sym_00278,2.613,0.871,3,54,1
dis_06036,sym_00289,2.742,0.5484,5,34,1
dis_06036,sym_00370,2.5161,0.8387,3,52,1
dis_06036,sym_00473,1.3065,0.4355,3,27,1
dis_06039,sym_00052,1.4601,0.4867,3,1174,2
dis_06039,sym_00062,1.4901,0.4967,3,1198,2
dis_06039,sym_00069,1.4826,0.4942,3,1192,2
dis_06039,sym_00086,1.5447,0.5149,3,1242,2
dis_06039,sym_00093,1.5771,0.5257,3,1268,2
dis_06039,sym_00147,1.4727,0.4909,3,1184,2
dis_06039,sym_00152,1.4652,0.4884,3,1178,2
dis_06039,sym_00176,1.5273,0.5091,3,1228,2
dis_06039,sym_00289,2.583,0.5166,5,1246,2
dis_06039,sym_00353,1.5024,0.5008,3,1208,2
dis_06039,sym_00370,1.5447,0.5149,3,1242,2
dis_06039,sym_00464,2.55,0.51,5,1230,2
dis_06052,sym_00091,2.6538,0.8846,3,23,1
dis_06052,sym_00176,1.3845,0.4615,3,12,1
dis_06052,sym_00317,4.0,1.0,4,26,1
dis_06052,sym_00337,2.0769,0.6923,3,18,1
dis_06058,sym_00079,1.4607,0.4869,3,1186,2
dis_06058,sym_00080,2.0228,0.5057,4,1232,2
dis_06058,sym_00112,1.5567,0.5189,3,1264,2
dis_06058,sym_00136,1.5369,0.5123,3,1248,2
dis_06058,sym_00147,1.4853,0.4951,3,1206,2
dis_06058,sym_00176,1.4952,0.4984,3,1214,2
dis_06058,sym_00288,2.496,0.4992,5,1216,2
dis_06058,sym_00299,1.5468,0.5156,3,1256,2
dis_06058,sym_00313,1.5198,0.5066,3,1234,2
dis_06058,sym_00373,2.0328,0.5082,4,1238,2
dis_06058,sym_00382,1.4853,0.4951,3,1206,2
dis_06058,sym_00405,1.4532,0.4844,3,1180,2
dis_06064,sym_00123,2.0001,0.6667,3,2,1
dis_06064,sym_00397,3.0,1.0,3,3,1
dis_06064,sym_00473,3.0,1.0,3,3,1
dis_06066,sym_00025,1.5198,0.5066,3,230,1
dis_06066,sym_00090,1.5066,0.5022,3,228,1
dis_06066,sym_00091,1.5066,0.5022,3,228,1
dis_06066,sym_00145,2.379,0.793,3,360,1
dis_06066,sym_00190,1.4868,0.4956,3,225,1
dis_06066,sym_00238,1.9758,0.6586,3,299,1
dis_06066,sym_00259,1.5396,0.5132,3,233,1
dis_06066,sym_00301,1.4472,0.4824,3,219,1
dis_06066,sym_00437,1.4802,0.4934,3,224,1
dis_06067,sym_00005,1.5276,0.5092,3,1218,2
dis_06067,sym_00006,1.5252,0.5084,3,1216,2
dis_06067,sym_00026,1.5201,0.5067,3,1212,2
dis_06067,sym_00096,1.5051,0.5017,3,1200,2
dis_06067,sym_00140,2.0804,0.5201,4,1244,2
dis_06067,sym_00204,1.5024,0.5008,3,1198,2
dis_06067,sym_00276,1.5804,0.5268,3,1260,2
dis_06067,sym_00373,3.9664,0.9916,4,2372,2
dis_06067,sym_00397,1.4901,0.4967,3,1188,2
dis_06067,sym_00417,1.5552,0.5184,3,1240,2
dis_06067,sym_00473,1.5177,0.5059,3,1210,2
dis_06098,sym_00120,3.0,1.0,3,7,1
dis_06098,sym_00148,3.0,1.0,3,7,1
dis_06098,sym_00210,3.0,1.0,3,7,1
dis_06102,sym_00003,2.0256,0.6752,3,341,1
dis_06102,sym_00157,1.5267,0.5089,3,257,1
dis_06102,sym_00208,1.515,0.505,3,255,1
dis_06102,sym_00384,1.5744,0.5248,3,265,1
dis_06102,sym_00385,2.0553,0.6851,3,346,1
dis_06102,sym_00392,1.5921,0.5307,3,268,1
dis_06102,sym_00395,1.5684,0.5228,3,264,1
dis_06102,sym_00396,1.9485,0.6495,3,328,1
dis_06102,sym_00446,1.5684,0.5228,3,264,1
dis_06104,sym_00390,3.0,1.0,3,1,1
dis_06104,sym_00481,3.0,1.0,3,1,1
dis_06105,sym_00148,2.5713,0.8571,3,6,1
dis_06105,sym_00387,1.7142,0.5714,3,4,1
dis_06105,sym_00396,2.5713,0.8571,3,6,1
dis_06106,sym_00048,2.0001,0.6667,3,2,1
dis_06106,sym_00210,0.9999,0.3333,3,1,1
dis_06106,sym_00370,3.0,1.0,3,3,1
dis_06107,sym_00029,2.1,0.7,3,7,1
dis_06107,sym_00116,0.9,0.3,3,3,1
dis_06107,sym_00236,2.7,0.9,3,9,1
dis_06107,sym_00357,1.2,0.4,3,4,1
dis_06108,sym_00211,2.6667,0.8889,3,8,1
dis_06108,sym_00262,1.6668,0.5556,3,5,1
dis_06108,sym_00387,2.0001,0.6667,3,6,1
dis_06108,sym_00473,2.3334,0.7778,3,7,1
dis_06109,sym_00136,3.0,1.0,3,1,1
dis_06109,sym_00479,3.0,1.0,3,1,1
dis_06110,sym_00108,3.0,1.0,3,1,1
dis_06110,sym_00371,3.0,1.0,3,1,1
dis_06111,sym_00043,1.6365,0.5455,3,18,1
dis_06111,sym_00109,2.8182,0.9394,3,31,1
dis_06111,sym_00112,1.6365,0.5455,3,18,1
dis_06111,sym_00136,1.7274,0.5758,3,19,1
dis_06111,sym_00150,1.3635,0.4545,3,15,1
dis_06112,sym_00099,1.4064,0.4688,3,15,1
dis_06112,sym_00307,2.1564,0.7188,3,23,1
dis_06112,sym_00407,1.7814,0.5938,3,19,1
dis_06112,sym_00431,1.5936,0.5312,3,17,1
dis_06112,sym_00476,2.8125,0.9375,3,30,1
dis_06113,sym_00136,3.0,1.0,3,3,1
dis_06113,sym_00481,3.0,1.0,3,3,1
dis_06114,sym_00172,2.25,0.75,3,3,1
dis_06114,sym_00173,1.5,0.5,3,2,1
dis_06114,sym_00174,1.5,0.5,3,2,1
dis_06114,sym_00390,1.5,0.5,3,2,1
dis_06115,sym_00156,1.7778,0.5926,3,16,1
dis_06115,sym_00157,1.7778,0.5926,3,16,1
dis_06115,sym_00159,1.4445,0.4815,3,13,1
dis_06115,sym_00208,1.5555,0.5185,3,14,1
dis_06115,sym_00387,1.4445,0.4815,3,13,1
dis_06115,sym_00392,1.6668,0.5556,3,15,1
dis_06116,sym_00172,2.25,0.75,3,3,1
dis_06116,sym_00173,1.5,0.5,3,2,1
dis_06116,sym_00174,1.5,0.5,3,2,1
dis_06116,sym_00390,1.5,0.5,3,2,1
dis_06117,sym_00011,3.0,1.0,3,1,1
dis_06117,sym_00176,3.0,1.0,3,1,1
dis_06118,sym_00248,3.0,1.0,3,2,1
dis_06118,sym_00481,3.0,1.0,3,2,1
dis_06119,sym_00242,3.0,1.0,3,1,1
dis_06119,sym_00244,3.0,1.0,3,1,1
dis_06120,sym_00109,1.3845,0.4615,3,12,1
dis_06120,sym_00136,0.9231,0.3077,3,8,1
dis_06120,sym_00248,1.6155,0.5385,3,14,1
dis_06120,sym_00277,1.5,0.5,3,13,1
dis_06120,sym_00278,3.0,1.0,3,26,1
dis_06121,sym_00248,2.6211,0.8737,3,83,1
dis_06121,sym_00278,2.6526,0.8842,3,84,1
dis_06121,sym_00327,1.9896,0.6632,3,63,1
dis_06121,sym_00368,1.9578,0.6526,3,62,1
dis_06121,sym_00444,1.8,0.6,3,57,1
dis_06121,sym_00447,1.8315,0.6105,3,58,1
dis_06122,sym_00003,1.5936,0.5312,3,17,1
dis_06122,sym_00012,1.9686,0.6562,3,21,1
dis_06122,sym_00327,1.7814,0.5938,3,19,1
dis_06122,sym_00387,1.875,0.625,3,20,1
dis_06122,sym_00396,2.8125,0.9375,3,30,1
dis_06123,sym_00098,3.0,1.0,3,11,1
dis_06123,sym_00136,1.6365,0.5455,3,6,1
dis_06123,sym_00176,1.0908,0.3636,3,4,1
dis_06123,sym_00299,1.9092,0.6364,3,7,1
dis_06124,sym_00011,3.0,1.0,3,4,1
dis_06124,sym_00029,0.75,0.25,3,1,1
dis_06124,sym_00376,3.0,1.0,3,4,1
dis_06127,sym_00023,1.5036,0.5012,3,216,1
dis_06127,sym_00091,1.4826,0.4942,3,213,1
dis_06127,sym_00122,1.6218,0.5406,3,233,1
dis_06127,sym_00137,1.6218,0.5406,3,233,1
dis_06127,sym_00190,1.6776,0.5592,3,241,1
dis_06127,sym_00259,2.0187,0.6729,3,290,1
dis_06127,sym_00260,1.566,0.522,3,225,1
dis_06127,sym_00301,1.5312,0.5104,3,220,1
dis_06127,sym_00361,2.668,0.5336,5,230,1
dis_06127,sym_00437,1.413,0.471,3,203,1
dis_06137,sym_00048,1.8,0.6,3,6,1
dis_06137,sym_00099,2.1,0.7,3,7,1
dis_06137,sym_00176,3.0,1.0,3,10,1
dis_06137,sym_00362,2.4,0.8,3,8,1
dis_06140,sym_00119,2.25,0.75,3,3,1
dis_06140,sym_00396,3.0,1.0,3,4,1
dis_06140,sym_00444,3.0,1.0,3,4,1
dis_06142,sym_00080,2.9108,0.7277,4,441,1
dis_06142,sym_00136,1.4949,0.4983,3,302,1
dis_06142,sym_00147,1.5099,0.5033,3,305,1
dis_06142,sym_00169,1.485,0.495,3,300,1
dis_06142,sym_00248,1.5348,0.5116,3,310,1
dis_06142,sym_00277,1.5,0.5,3,303,1
dis_06142,sym_00278,1.4553,0.4851,3,294,1
dis_06142,sym_00405,1.4058,0.4686,3,284,1
dis_06142,sym_00444,1.4604,0.4868,3,295,1
dis_06142,sym_00447,1.4949,0.4983,3,302,1
dis_06144,sym_00076,2.6724,0.6681,4,455,1
dis_06144,sym_00080,2.044,0.511,4,348,1
dis_06144,sym_00147,1.4847,0.4949,3,337,1
dis_06144,sym_00214,2.0616,0.6872,3,468,1
dis_06144,sym_00277,1.5153,0.5051,3,344,1
dis_06144,sym_00278,1.5111,0.5037,3,343,1
dis_06144,sym_00288,2.5255,0.5051,5,344,1
dis_06144,sym_00395,1.458,0.486,3,331,1
dis_06144,sym_00405,1.4448,0.4816,3,328,1
dis_06144,sym_00444,1.5726,0.5242,3,357,1
dis_06145,sym_00098,2.4705,0.8235,3,140,1
dis_06145,sym_00131,1.6236,0.5412,3,92,1
dis_06145,sym_00147,1.4472,0.4824,3,82,1
dis_06145,sym_00307,1.6587,0.5529,3,94,1
dis_06145,sym_00327,2.1,0.7,3,119,1
dis_06145,sym_00425,1.5705,0.5235,3,89,1
dis_06145,sym_00431,1.4646,0.4882,3,83,1
dis_06156,sym_00006,2.5017,0.8339,3,236,1
dis_06156,sym_00105,2.0212,0.5053,4,143,1
dis_06156,sym_00137,1.5477,0.5159,3,146,1
dis_06156,sym_00145,2.1942,0.7314,3,207,1
dis_06156,sym_00176,1.6431,0.5477,3,155,1
dis_06156,sym_00211,1.4946,0.4982,3,141,1
dis_06156,sym_00371,1.4946,0.4982,3,141,1
dis_06156,sym_00470,1.3992,0.4664,3,132,1
dis_06158,sym_00018,1.5501,0.5167,3,463,1
dis_06158,sym_00035,1.5066,0.5022,3,450,1
dis_06158,sym_00116,1.5168,0.5056,3,453,1
dis_06158,sym_00172,1.4865,0.4955,3,444,1
dis_06158,sym_00182,1.9,0.95,2,114,1
dis_06158,sym_00184,2.0658,0.6886,3,617,1
dis_06158,sym_00227,2.1633,0.7211,3,555,2
dis_06158,sym_00233,2.2068,0.7356,3,581,2
dis_06158,sym_00235,1.5234,0.5078,3,455,1
dis_06158,sym_00236,1.5636,0.5212,3,467,1
dis_06158,sym_00242,1.4967,0.4989,3,447,1
dis_06158,sym_00282,1.0224,0.5112,2,458,1
dis_06158,sym_00292,4.75,0.95,5,114,1
dis_06158,sym_00315,1.9,0.95,2,114,1
dis_06158,sym_00419,4.75,0.95,5,114,1
dis_06161,sym_00003,1.6065,0.5355,3,113,1
dis_06161,sym_00157,1.5213,0.5071,3,107,1
dis_06161,sym_00233,1.5213,0.5071,3,107,1
dis_06161,sym_00248,1.3935,0.4645,3,98,1
dis_06161,sym_00261,2.4882,0.8294,3,175,1
dis_06161,sym_00385,2.0757,0.6919,3,146,1
dis_06161,sym_00387,1.9764,0.6588,3,139,1
dis_06162,sym_00018,1.5963,0.5321,3,58,1
dis_06162,sym_00057,1.6788,0.5596,3,61,1
dis_06162,sym_00116,2.6148,0.8716,3,95,1
dis_06162,sym_00157,1.4586,0.4862,3,53,1
dis_06162,sym_00172,2.3118,0.7706,3,84,1
dis_06162,sym_00233,1.5414,0.5138,3,56,1
dis_06175,sym_00031,1.9467,0.6489,3,122,1
dis_06175,sym_00056,2.5692,0.8564,3,161,1
dis_06175,sym_00097,2.1702,0.7234,3,136,1
dis_06175,sym_00172,1.6278,0.5426,3,102,1
dis_06175,sym_00174,1.5159,0.5053,3,95,1
dis_06175,sym_00387,1.7712,0.5904,3,111,1
dis_06175,sym_00392,1.6596,0.5532,3,104,1
dis_06187,sym_00035,1.5951,0.5317,3,201,1
dis_06187,sym_00056,1.5159,0.5053,3,191,1
dis_06187,sym_00103,1.6428,0.5476,3,207,1
dis_06187,sym_00113,1.6269,0.5423,3,205,1
dis_06187,sym_00184,1.4763,0.4921,3,186,1
dis_06187,sym_00227,1.4682,0.4894,3,185,1
dis_06187,sym_00240,2.3412,0.7804,3,295,1
dis_06187,sym_00281,1.4205,0.4735,3,179,1
dis_06187,sym_00413,1.4445,0.4815,3,182,1
dis_06192,sym_00080,2.0652,0.5163,4,884,2
dis_06192,sym_00098,1.4982,0.4994,3,855,2
dis_06192,sym_00112,1.5897,0.5299,3,907,2
dis_06192,sym_00136,1.5156,0.5052,3,865,2
dis_06192,sym_00147,1.6065,0.5355,3,917,2
dis_06192,sym_00150,1.5366,0.5122,3,877,2
dis_06192,sym_00221,1.9173,0.6391,3,1096,2
dis_06192,sym_00329,1.5846,0.5282,3,904,2
dis_06192,sym_00356,1.5591,0.5197,3,890,2
dis_06192,sym_00364,1.5045,0.5015,3,859,2
dis_06192,sym_00405,1.464,0.488,3,835,2
dis_06193,sym_00079,1.5771,0.5257,3,903,2
dis_06193,sym_00080,1.994,0.4985,4,856,2
dis_06193,sym_00098,1.5504,0.5168,3,887,2
dis_06193,sym_00112,1.6137,0.5379,3,924,2
dis_06193,sym_00147,1.5066,0.5022,3,862,2
dis_06193,sym_00150,1.4805,0.4935,3,848,2
dis_06193,sym_00288,2.476,0.4952,5,850,2
dis_06193,sym_00329,1.5021,0.5007,3,859,2
dis_06193,sym_00343,1.4919,0.4973,3,854,2
dis_06193,sym_00405,1.4937,0.4979,3,854,2
dis_06193,sym_00464,3.305,0.661,5,1137,2
dis_06199,sym_00098,1.5789,0.5263,3,10,1
dis_06199,sym_00105,3.7896,0.9474,4,18,1
dis_06199,sym_00120,3.0,1.0,3,19,1
dis_06201,sym_00086,1.2633,0.4211,3,8,1
dis_06201,sym_00167,2.5263,0.8421,3,16,1
dis_06201,sym_00370,1.8948,0.6316,3,12,1
dis_06201,sym_00413,2.2104,0.7368,3,14,1
dis_06203,sym_00062,1.455,0.485,3,242,1
dis_06203,sym_00205,2.0562,0.6854,3,342,1
dis_06203,sym_00261,1.6953,0.5651,3,282,1
dis_06203,sym_00289,2.605,0.521,5,260,1
dis_06203,sym_00312,1.527,0.509,3,254,1
dis_06203,sym_00322,1.4127,0.4709,3,235,1
dis_06203,sym_00370,1.551,0.517,3,258,1
dis_06203,sym_00458,2.0502,0.6834,3,341,1
dis_06203,sym_00464,3.3665,0.6733,5,336,1
dis_06210,sym_00012,1.4775,0.4925,3,33,1
dis_06210,sym_00167,1.6566,0.5522,3,37,1
dis_06210,sym_00261,1.7016,0.5672,3,38,1
dis_06210,sym_00322,1.5672,0.5224,3,35,1
dis_06210,sym_00370,1.7016,0.5672,3,38,1
dis_06210,sym_00396,2.8209,0.9403,3,63,1
dis_06211,sym_00053,1.4433,0.4811,3,102,1
dis_06211,sym_00173,2.3916,0.7972,3,169,1
dis_06211,sym_00194,2.3208,0.7736,3,164,1
dis_06211,sym_00207,1.599,0.533,3,113,1
dis_06211,sym_00362,1.6131,0.5377,3,114,1
dis_06211,sym_00416,2.1369,0.7123,3,151,1
dis_06211,sym_00430,1.4859,0.4953,3,105,1
dis_06225,sym_00035,1.5516,0.5172,3,886,2
dis_06225,sym_00176,1.5684,0.5228,3,896,2
dis_06225,sym_00242,1.9671,0.6557,3,1126,2
dis_06225,sym_00255,1.5888,0.5296,3,908,2
dis_06225,sym_00261,1.4895,0.4965,3,851,2
dis_06225,sym_00289,2.6635,0.5327,5,913,2
dis_06225,sym_00292,2.589,0.5178,5,888,2
dis_06225,sym_00370,1.4439,0.4813,3,825,2
dis_06225,sym_00371,1.4859,0.4953,3,849,2
dis_06225,sym_00380,1.5075,0.5025,3,861,2
dis_06225,sym_00464,2.5415,0.5083,5,871,2
dis_06226,sym_00029,2.0775,0.6925,3,268,1
dis_06226,sym_00035,1.5504,0.5168,3,200,1
dis_06226,sym_00103,1.5348,0.5116,3,198,1
dis_06226,sym_00105,1.9948,0.4987,4,193,1
dis_06226,sym_00176,1.7598,0.5866,3,227,1
dis_06226,sym_00204,1.5039,0.5013,3,194,1
dis_06226,sym_00255,1.5504,0.5168,3,200,1
dis_06226,sym_00292,2.894,0.5788,5,224,1
dis_06226,sym_00293,2.2947,0.7649,3,296,1
dis_06236,sym_00012,2.1618,0.7206,3,147,1
dis_06236,sym_00031,2.3823,0.7941,3,162,1
dis_06236,sym_00093,1.5588,0.5196,3,106,1
dis_06236,sym_00224,1.6029,0.5343,3,109,1
dis_06236,sym_00289,2.941,0.5882,5,120,1
dis_06236,sym_00370,1.5147,0.5049,3,103,1
dis_06236,sym_00413,2.0295,0.6765,3,138,1
dis_06240,sym_00025,2.3778,0.7926,3,149,1
dis_06240,sym_00068,2.3778,0.7926,3,149,1
dis_06240,sym_00211,2.1861,0.7287,3,137,1
dis_06240,sym_00252,1.6437,0.5479,3,103,1
dis_06240,sym_00371,2.2659,0.7553,3,142,1
dis_06240,sym_00373,2.234,0.5585,4,105,1
dis_06240,sym_00470,1.7073,0.5691,3,107,1
dis_06241,sym_00006,1.5462,0.5154,3,886,2
dis_06241,sym_00025,1.4961,0.4987,3,857,2
dis_06241,sym_00058,1.5372,0.5124,3,881,2
dis_06241,sym_00068,1.5234,0.5078,3,873,2
dis_06241,sym_00090,1.4814,0.4938,3,849,2
dis_06241,sym_00091,1.9878,0.6626,3,1141,2
dis_06241,sym_00105,2.0988,0.5247,4,902,2
dis_06241,sym_00204,1.5477,0.5159,3,887,2
dis_06241,sym_00211,1.4934,0.4978,3,856,2
dis_06241,sym_00317,1.9824,0.4956,4,852,2
dis_06241,sym_00373,1.9668,0.4917,4,845,2
dis_06279,sym_00003,1.6623,0.5541,3,41,1
dis_06279,sym_00080,3.1892,0.7973,4,59,1
dis_06279,sym_00174,1.8648,0.6216,3,46,1
dis_06279,sym_00362,2.7567,0.9189,3,68,1
dis_06279,sym_00370,1.7838,0.5946,3,44,1
dis_06279,sym_00395,1.5405,0.5135,3,38,1
dis_06280,sym_00025,2.3334,0.7778,3,14,1
dis_06280,sym_00103,1.3332,0.4444,3,8,1
dis_06280,sym_00376,1.6668,0.5556,3,10,1
dis_06280,sym_00439,3.0,1.0,3,18,1
dis_06285,sym_00006,1.5615,0.5205,3,267,1
dis_06285,sym_00097,1.4679,0.4893,3,251,1
dis_06285,sym_00103,1.4034,0.4678,3,240,1
dis_06285,sym_00105,1.9104,0.4776,4,245,1
dis_06285,sym_00154,2.0292,0.6764,3,347,1
dis_06285,sym_00243,2.0058,0.6686,3,343,1
dis_06285,sym_00337,1.3566,0.4522,3,232,1
dis_06285,sym_00411,2.0235,0.6745,3,346,1
dis_06285,sym_00470,1.5321,0.5107,3,262,1
dis_06288,sym_00003,1.6437,0.5479,3,240,1
dis_06288,sym_00157,1.5615,0.5205,3,228,1
dis_06288,sym_00159,1.6371,0.5457,3,239,1
dis_06288,sym_00171,1.4451,0.4817,3,211,1
dis_06288,sym_00172,1.4931,0.4977,3,218,1
dis_06288,sym_00174,2.0754,0.6918,3,303,1
dis_06288,sym_00382,2.2809,0.7603,3,333,1
dis_06288,sym_00390,1.3905,0.4635,3,203,1
dis_06288,sym_00392,1.5411,0.5137,3,225,1
dis_06294,sym_00068,1.536,0.512,3,192,1
dis_06294,sym_00105,2.0052,0.5013,4,188,1
dis_06294,sym_00197,1.5999,0.5333,3,200,1
dis_06294,sym_00207,2.4081,0.8027,3,301,1
dis_06294,sym_00211,1.5279,0.5093,3,191,1
dis_06294,sym_00317,2.016,0.504,4,189,1
dis_06294,sym_00371,1.6161,0.5387,3,202,1
dis_06294,sym_00373,1.984,0.496,4,186,1
dis_06294,sym_00470,1.5201,0.5067,3,190,1
dis_06296,sym_00068,1.5468,0.5156,3,346,1
dis_06296,sym_00087,2.0118,0.6706,3,450,1
dis_06296,sym_00105,2.748,0.687,4,461,1
dis_06296,sym_00137,1.6767,0.5589,3,375,1
dis_06296,sym_00140,1.9792,0.4948,4,332,1
dis_06296,sym_00197,1.5426,0.5142,3,345,1
dis_06296,sym_00211,1.4307,0.4769,3,320,1
dis_06296,sym_00371,1.5426,0.5142,3,345,1
dis_06296,sym_00373,1.9256,0.4814,4,323,1
dis_06296,sym_00473,1.4799,0.4933,3,331,1
dis_06320,sym_00105,4.0,1.0,4,5,1
dis_06320,sym_00119,3.0,1.0,3,5,1
dis_06320,sym_00458,1.8,0.6,3,3,1
dis_06321,sym_00035,1.5264,0.5088,3,867,2
dis_06321,sym_00062,1.9899,0.6633,3,1132,2
dis_06321,sym_00205,1.5438,0.5146,3,877,2
dis_06321,sym_00261,1.5276,0.5092,3,868,2
dis_06321,sym_00289,2.5345,0.5069,5,864,2
dis_06321,sym_00314,1.542,0.514,3,876,2
dis_06321,sym_00322,1.4967,0.4989,3,850,2
dis_06321,sym_00370,1.5084,0.5028,3,857,2
dis_06321,sym_00416,1.4724,0.4908,3,836,2
dis_06321,sym_00458,1.5405,0.5135,3,875,2
dis_06321,sym_00464,2.512,0.5024,5,856,2
dis_06322,sym_00053,2.2398,0.7466,3,327,1
dis_06322,sym_00165,1.5822,0.5274,3,231,1
dis_06322,sym_00205,1.8972,0.6324,3,277,1
dis_06322,sym_00207,1.6026,0.5342,3,234,1
dis_06322,sym_00362,1.4931,0.4977,3,218,1
dis_06322,sym_00416,1.5615,0.5205,3,228,1
dis_06322,sym_00430,1.5069,0.5023,3,220,1
dis_06322,sym_00458,1.4385,0.4795,3,210,1
dis_06322,sym_00461,1.548,0.516,3,226,1
dis_06323,sym_00003,1.7142,0.5714,3,4,1
dis_06323,sym_00172,3.0,1.0,3,7,1
dis_06323,sym_00387,3.0,1.0,3,7,1
dis_06329,sym_00002,3.8,0.95,4,114,1
dis_06329,sym_00198,4.5,0.9,5,108,1
dis_06329,sym_00206,3.8,0.95,4,114,1
dis_06329,sym_00250,3.6,0.9,4,108,1
dis_06329,sym_00320,4.75,0.95,5,114,1
dis_06329,sym_00464,4.75,0.95,5,114,1
dis_06331,sym_00068,2.2449,0.7483,3,110,1
dis_06331,sym_00262,2.2857,0.7619,3,112,1
dis_06331,sym_00317,3.1836,0.7959,4,117,1
dis_06331,sym_00370,2.1021,0.7007,3,103,1
dis_06331,sym_00371,1.6326,0.5442,3,80,1
dis_06331,sym_00373,2.5036,0.6259,4,92,1
dis_06334,sym_00142,1.593,0.531,3,60,1
dis_06334,sym_00157,1.407,0.469,3,53,1
dis_06334,sym_00240,1.7256,0.5752,3,65,1
dis_06334,sym_00242,1.5399,0.5133,3,58,1
dis_06334,sym_00266,1.5663,0.5221,3,59,1
dis_06334,sym_00331,1.4868,0.4956,3,56,1
dis_06334,sym_00387,1.6725,0.5575,3,63,1
dis_06334,sym_00435,1.9647,0.6549,3,74,1
dis_06336,sym_00003,2.0889,0.6963,3,94,1
dis_06336,sym_00235,2.1777,0.7259,3,98,1
dis_06336,sym_00242,1.7556,0.5852,3,79,1
dis_06336,sym_00244,1.6668,0.5556,3,75,1
dis_06336,sym_00252,1.7556,0.5852,3,79,1
dis_06336,sym_00319,2.4666,0.8222,3,111,1
dis_06338,sym_00006,1.5036,0.5012,3,1218,2
dis_06338,sym_00029,1.5309,0.5103,3,1240,2
dis_06338,sym_00032,1.4937,0.4979,3,1210,2
dis_06338,sym_00035,1.5258,0.5086,3,1236,2
dis_06338,sym_00103,1.4493,0.4831,3,1174,2
dis_06338,sym_00105,1.9028,0.4757,4,1156,2
dis_06338,sym_00157,1.5258,0.5086,3,1236,2
dis_06338,sym_00242,1.5111,0.5037,3,1224,2
dis_06338,sym_00245,1.563,0.521,3,1266,2
dis_06338,sym_00252,1.5384,0.5128,3,1246,2
dis_06338,sym_00319,1.5036,0.5012,3,1218,2
dis_06338,sym_00337,1.479,0.493,3,1198,2
dis_06340,sym_00003,1.5984,0.5328,3,73,1
dis_06340,sym_00309,2.1897,0.7299,3,100,1
dis_06340,sym_00310,1.8612,0.6204,3,85,1
dis_06340,sym_00387,2.343,0.781,3,107,1
dis_06340,sym_00396,2.4963,0.8321,3,114,1
dis_06340,sym_00420,1.686,0.562,3,77,1
dis_06341,sym_00035,2.0865,0.6955,3,265,1
dis_06341,sym_00167,1.5747,0.5249,3,200,1
dis_06341,sym_00205,1.9449,0.6483,3,247,1
dis_06341,sym_00289,2.3755,0.4751,5,181,1
dis_06341,sym_00370,1.4961,0.4987,3,190,1
dis_06341,sym_00373,2.698,0.6745,4,257,1
dis_06341,sym_00380,2.055,0.685,3,261,1
dis_06341,sym_00464,2.572,0.5144,5,196,1
dis_06342,sym_00096,1.5732,0.5244,3,129,1
dis_06342,sym_00112,2.2683,0.7561,3,186,1
dis_06342,sym_00176,2.1219,0.7073,3,174,1
dis_06342,sym_00405,1.5855,0.5285,3,130,1
dis_06342,sym_00427,2.1951,0.7317,3,180,1
dis_06342,sym_00439,1.4145,0.4715,3,116,1
dis_06342,sym_00442,1.9755,0.6585,3,162,1
dis_06352,sym_00006,2.4354,0.8118,3,151,1
dis_06352,sym_00093,1.4031,0.4677,3,87,1
dis_06352,sym_00105,2.9464,0.7366,4,137,1
dis_06352,sym_00147,1.5807,0.5269,3,98,1
dis_06352,sym_00289,2.6615,0.5323,5,99,1
dis_06352,sym_00370,1.5645,0.5215,3,97,1
dis_06352,sym_00464,2.3655,0.4731,5,88,1
dis_06353,sym_00025,1.4787,0.4929,3,851,2
dis_06353,sym_00089,1.5585,0.5195,3,897,2
dis_06353,sym_00090,1.5066,0.5022,3,867,2
dis_06353,sym_00091,1.4658,0.4886,3,844,2
dis_06353,sym_00108,1.4934,0.4978,3,860,2
dis_06353,sym_00122,1.5081,0.5027,3,868,2
dis_06353,sym_00141,1.5024,0.5008,3,865,2
dis_06353,sym_00190,1.6203,0.5401,3,933,2
dis_06353,sym_00204,1.5363,0.5121,3,884,2
dis_06353,sym_00259,1.5306,0.5102,3,881,2
dis_06353,sym_00437,1.9197,0.6399,3,1107,2
dis_06357,sym_00120,1.143,0.381,3,8,1
dis_06357,sym_00194,2.2857,0.7619,3,16,1
dis_06357,sym_00268,3.0,1.0,3,21,1
dis_06357,sym_00325,1.857,0.619,3,13,1
dis_06357,sym_00433,1.2858,0.4286,3,9,1
dis_06362,sym_00080,2.9472,0.7368,4,14,1
dis_06362,sym_00147,1.4211,0.4737,3,9,1
dis_06362,sym_00189,3.0,1.0,3,19,1
dis_06362,sym_00405,1.7367,0.5789,3,11,1
dis_06362,sym_00475,2.3685,0.7895,3,15,1
dis_06367,sym_00053,1.7499,0.5833,3,35,1
dis_06367,sym_00314,1.7499,0.5833,3,35,1
dis_06367,sym_00325,1.4499,0.4833,3,29,1
dis_06367,sym_00326,1.4001,0.4667,3,28,1
dis_06367,sym_00362,1.5999,0.5333,3,32,1
dis_06367,sym_00436,2.55,0.85,3,51,1
dis_06385,sym_00012,1.5222,0.5074,3,172,1
dis_06385,sym_00056,2.0442,0.6814,3,231,1
dis_06385,sym_00209,2.124,0.708,3,240,1
dis_06385,sym_00262,1.5045,0.5015,3,170,1
dis_06385,sym_00310,1.5222,0.5074,3,172,1
dis_06385,sym_00322,2.2656,0.7552,3,256,1
dis_06385,sym_00385,1.6194,0.5398,3,183,1
dis_06385,sym_00396,1.5663,0.5221,3,177,1
dis_06389,sym_00176,3.0,1.0,3,6,1
dis_06389,sym_00218,2.0001,0.6667,3,4,1
dis_06389,sym_00239,1.5,0.5,3,3,1
dis_06389,sym_00431,2.0001,0.6667,3,4,1
dis_06391,sym_00076,3.4024,0.8506,4,74,1
dis_06391,sym_00220,1.8621,0.6207,3,54,1
dis_06391,sym_00310,1.7241,0.5747,3,50,1
dis_06391,sym_00314,1.6551,0.5517,3,48,1
dis_06391,sym_00362,2.5173,0.8391,3,73,1
dis_06391,sym_00370,1.6206,0.5402,3,47,1
dis_06395,sym_00176,1.6551,0.5517,3,16,1
dis_06395,sym_00284,1.5516,0.5172,3,15,1
dis_06395,sym_00289,4.483,0.8966,5,26,1
dis_06395,sym_00307,2.6898,0.8966,3,26,1
dis_06396,sym_00176,1.7001,0.5667,3,17,1
dis_06396,sym_00191,2.7,0.9,3,27,1
dis_06396,sym_00238,2.0001,0.6667,3,20,1
dis_06396,sym_00307,2.4999,0.8333,3,25,1
dis_06404,sym_00003,1.6479,0.5493,3,39,1
dis_06404,sym_00219,1.6479,0.5493,3,39,1
dis_06404,sym_00395,1.521,0.507,3,36,1
dis_06404,sym_00396,1.6902,0.5634,3,40,1
dis_06404,sym_00460,2.5353,0.8451,3,60,1
dis_06404,sym_00468,1.5633,0.5211,3,37,1
dis_06406,sym_00083,1.3332,0.4444,3,4,1
dis_06406,sym_00207,2.6667,0.8889,3,8,1
dis_06406,sym_00305,2.3334,0.7778,3,7,1
dis_06406,sym_00408,2.6667,0.8889,3,8,1
dis_06407,sym_00120,2.7858,0.9286,3,13,1
dis_06407,sym_00289,5.0,1.0,5,14,1
dis_06407,sym_00408,2.3571,0.7857,3,11,1
dis_06407,sym_00456,1.5,0.5,3,7,1
dis_06408,sym_00018,1.5528,0.5176,3,103,1
dis_06408,sym_00020,1.4622,0.4874,3,97,1
dis_06408,sym_00056,1.9749,0.6583,3,131,1
dis_06408,sym_00157,1.7034,0.5678,3,113,1
dis_06408,sym_00233,1.7034,0.5678,3,113,1
dis_06408,sym_00282,1.5578,0.7789,2,155,1
dis_06408,sym_00337,2.0202,0.6734,3,134,1
dis_06413,sym_00035,1.5174,0.5058,3,307,1
dis_06413,sym_00080,1.9044,0.4761,4,289,1
dis_06413,sym_00192,1.5519,0.5173,3,314,1
dis_06413,sym_00363,1.5816,0.5272,3,320,1
dis_06413,sym_00370,2.2686,0.7562,3,459,1
dis_06413,sym_00371,1.458,0.486,3,295,1
dis_06413,sym_00373,3.7496,0.9374,4,569,1
dis_06413,sym_00380,1.4727,0.4909,3,298,1
dis_06413,sym_00470,1.6062,0.5354,3,325,1
dis_06416,sym_00080,2.2856,0.5714,4,8,1
dis_06416,sym_00105,4.0,1.0,4,14,1
dis_06416,sym_00147,1.7142,0.5714,3,8,1
dis_06416,sym_00373,3.4284,0.8571,4,12,1
dis_06417,sym_00067,7.0,1.0,7,120,1
dis_06417,sym_00069,1.9335,0.6445,3,1306,3
dis_06417,sym_00079,1.4751,0.4917,3,1192,2
dis_06417,sym_00080,2.6396,0.6599,4,1362,3
dis_06417,sym_00139,5.0,1.0,5,120,1
dis_06417,sym_00140,3.8,0.95,4,114,1
dis_06417,sym_00147,1.4652,0.4884,3,1184,2
dis_06417,sym_00181,6.65,0.95,7,114,1
dis_06417,sym_00267,5.7,0.95,6,114,1
dis_06417,sym_00288,2.5745,0.5149,5,1248,2
dis_06417,sym_00328,4.75,0.95,5,114,1
dis_06417,sym_00365,4.0,1.0,4,120,1
dis_06417,sym_00371,1.5024,0.5008,3,1214,2
dis_06417,sym_00373,3.8784,0.9696,4,2488,3
dis_06417,sym_00405,1.5075,0.5025,3,1218,2
dis_06417,sym_00417,2.85,0.95,3,114,1
dis_06417,sym_00464,2.599,0.5198,5,1260,2
dis_06417,sym_00470,1.5249,0.5083,3,1232,2
dis_06417,sym_00475,1.4826,0.4942,3,1198,2
dis_06418,sym_00035,1.6014,0.5338,3,158,1
dis_06418,sym_00080,2.0272,0.5068,4,150,1
dis_06418,sym_00108,2.2095,0.7365,3,218,1
dis_06418,sym_00192,1.581,0.527,3,156,1
dis_06418,sym_00371,1.4595,0.4865,3,144,1
dis_06418,sym_00373,2.2028,0.5507,4,163,1
dis_06418,sym_00376,2.2296,0.7432,3,220,1
dis_06418,sym_00380,1.6824,0.5608,3,166,1
dis_06420,sym_00011,1.6818,0.5606,3,37,1
dis_06420,sym_00090,1.8183,0.6061,3,40,1
dis_06420,sym_00091,1.6365,0.5455,3,36,1
dis_06420,sym_00336,1.4544,0.4848,3,32,1
dis_06420,sym_00396,2.6364,0.8788,3,58,1
dis_06420,sym_00464,2.7275,0.5455,5,36,1
dis_06421,sym_00090,2.4879,0.8293,3,34,1
dis_06421,sym_00097,2.5611,0.8537,3,35,1
dis_06421,sym_00105,2.3416,0.5854,4,24,1
dis_06421,sym_00337,2.0487,0.6829,3,28,1
dis_06422,sym_00011,2.793,0.931,3,27,1
dis_06422,sym_00090,1.8621,0.6207,3,18,1
dis_06422,sym_00108,2.6898,0.8966,3,26,1
dis_06422,sym_00120,1.8621,0.6207,3,18,1
dis_06423,sym_00091,2.4705,0.8235,3,14,1
dis_06423,sym_00370,3.0,1.0,3,17,1
dis_06423,sym_00470,2.4705,0.8235,3,14,1
dis_06424,sym_00006,2.6289,0.8763,3,85,1
dis_06424,sym_00016,1.4226,0.4742,3,46,1
dis_06424,sym_00327,1.5774,0.5258,3,51,1
dis_06424,sym_00337,1.6392,0.5464,3,53,1
dis_06424,sym_00373,3.5052,0.8763,4,85,1
dis_06424,sym_00395,1.7628,0.5876,3,57,1
dis_06425,sym_00025,3.0,1.0,3,10,1
dis_06425,sym_00089,1.8,0.6,3,6,1
dis_06425,sym_00371,3.0,1.0,3,10,1
dis_06426,sym_00011,1.2501,0.4167,3,10,1
dis_06426,sym_00090,3.0,1.0,3,24,1
dis_06426,sym_00091,2.625,0.875,3,21,1
dis_06426,sym_00137,1.6251,0.5417,3,13,1
dis_06427,sym_00080,2.2476,0.5619,4,109,1
dis_06427,sym_00105,3.402,0.8505,4,165,1
dis_06427,sym_00107,1.4844,0.4948,3,96,1
dis_06427,sym_00176,2.304,0.768,3,149,1
dis_06427,sym_00371,2.3196,0.7732,3,150,1
dis_06427,sym_00373,2.33,0.5825,4,113,1
dis_06427,sym_00475,1.9794,0.6598,3,128,1
dis_06428,sym_00091,2.3334,0.7778,3,7,1
dis_06428,sym_00097,3.0,1.0,3,9,1
dis_06428,sym_00105,4.0,1.0,4,9,1
dis_06428,sym_00108,2.3334,0.7778,3,7,1
dis_06429,sym_00090,1.7856,0.5952,3,75,1
dis_06429,sym_00091,1.6191,0.5397,3,68,1
dis_06429,sym_00108,2.0475,0.6825,3,86,1
dis_06429,sym_00190,2.4285,0.8095,3,102,1
dis_06429,sym_00204,2.0952,0.6984,3,88,1
dis_06429,sym_00397,1.4049,0.4683,3,59,1
dis_06433,sym_00035,1.7376,0.5792,3,106,1
dis_06433,sym_00053,1.6392,0.5464,3,100,1
dis_06433,sym_00230,1.5903,0.5301,3,97,1
dis_06433,sym_00255,1.6065,0.5355,3,98,1
dis_06433,sym_00362,2.6886,0.8962,3,164,1
dis_06433,sym_00370,1.6392,0.5464,3,100,1
dis_06433,sym_00380,1.8198,0.6066,3,111,1
dis_06433,sym_00385,1.4589,0.4863,3,89,1
dis_06437,sym_00010,2.0934,0.6978,3,187,1
dis_06437,sym_00191,2.4852,0.8284,3,222,1
dis_06437,sym_00201,1.6008,0.5336,3,143,1
dis_06437,sym_00205,1.4664,0.4888,3,131,1
dis_06437,sym_00249,1.6119,0.5373,3,144,1
dis_06437,sym_00322,1.5111,0.5037,3,135,1
dis_06437,sym_00451,1.6119,0.5373,3,144,1
dis_06437,sym_00473,1.6008,0.5336,3,143,1
dis_06438,sym_00105,3.3468,0.8367,4,41,1
dis_06438,sym_00140,2.4488,0.6122,4,30,1
dis_06438,sym_00176,1.7754,0.5918,3,29,1
dis_06438,sym_00431,2.3877,0.7959,3,39,1
dis_06438,sym_00473,2.6328,0.8776,3,43,1
dis_06443,sym_00096,2.3163,0.7721,3,105,1
dis_06443,sym_00140,2.0884,0.5221,4,71,1
dis_06443,sym_00211,2.3163,0.7721,3,105,1
dis_06443,sym_00242,2.2059,0.7353,3,100,1
dis_06443,sym_00371,1.7427,0.5809,3,79,1
dis_06443,sym_00376,1.5882,0.5294,3,72,1
dis_06463,sym_00011,1.5075,0.5025,3,305,1
dis_06463,sym_00025,1.374,0.458,3,278,1
dis_06463,sym_00089,1.4976,0.4992,3,303,1
dis_06463,sym_00090,1.4679,0.4893,3,297,1
dis_06463,sym_00091,1.4382,0.4794,3,291,1
dis_06463,sym_00108,1.5075,0.5025,3,305,1
dis_06463,sym_00122,1.4778,0.4926,3,299,1
dis_06463,sym_00190,2.2785,0.7595,3,461,1
dis_06463,sym_00204,1.5519,0.5173,3,314,1
dis_06463,sym_00437,1.5864,0.5288,3,321,1
dis_06464,sym_00003,1.5675,0.5225,3,58,1
dis_06464,sym_00147,1.5945,0.5315,3,59,1
dis_06464,sym_00226,2.5404,0.8468,3,94,1
dis_06464,sym_00370,1.4325,0.4775,3,53,1
dis_06464,sym_00392,1.6485,0.5495,3,61,1
dis_06464,sym_00396,2.3514,0.7838,3,87,1
dis_06465,sym_00025,1.5363,0.5121,3,253,1
dis_06465,sym_00089,1.998,0.666,3,329,1
dis_06465,sym_00090,1.6275,0.5425,3,268,1
dis_06465,sym_00091,1.5243,0.5081,3,251,1
dis_06465,sym_00108,2.0406,0.6802,3,336,1
dis_06465,sym_00122,1.4697,0.4899,3,242,1
dis_06465,sym_00205,1.5243,0.5081,3,251,1
dis_06465,sym_00305,1.5972,0.5324,3,263,1
dis_06465,sym_00336,2.0343,0.6781,3,335,1
dis_06481,sym_00176,1.59,0.53,3,115,1
dis_06481,sym_00261,1.4931,0.4977,3,108,1
dis_06481,sym_00305,1.7418,0.5806,3,126,1
dis_06481,sym_00336,1.5759,0.5253,3,114,1
dis_06481,sym_00351,1.3962,0.4654,3,101,1
dis_06481,sym_00370,1.5759,0.5253,3,114,1
dis_06481,sym_00407,1.5069,0.5023,3,109,1
dis_06481,sym_00456,1.6038,0.5346,3,116,1
dis_06481,sym_00462,2.0184,0.6728,3,146,1
dis_06482,sym_00083,2.0769,0.6923,3,9,1
dis_06482,sym_00305,1.8462,0.6154,3,8,1
dis_06482,sym_00323,1.1538,0.3846,3,5,1
dis_06482,sym_00336,2.0769,0.6923,3,9,1
dis_06482,sym_00408,1.8462,0.6154,3,8,1
dis_06482,sym_00456,1.8462,0.6154,3,8,1
dis_06483,sym_00035,1.5777,0.5259,3,911,2
dis_06483,sym_00083,1.5027,0.5009,3,868,2
dis_06483,sym_00176,1.488,0.496,3,859,2
dis_06483,sym_00261,1.5861,0.5287,3,916,2
dis_06483,sym_00289,2.559,0.5118,5,887,2
dis_06483,sym_00305,1.5351,0.5117,3,887,2
dis_06483,sym_00322,1.9374,0.6458,3,1121,2
dis_06483,sym_00336,1.5825,0.5275,3,914,2
dis_06483,sym_00370,1.4556,0.4852,3,841,2
dis_06483,sym_00408,1.5456,0.5152,3,893,2
dis_06483,sym_00464,2.5135,0.5027,5,871,2
dis_06487,sym_00105,2.9092,0.7273,4,160,1
dis_06487,sym_00137,2.1819,0.7273,3,160,1
dis_06487,sym_00140,2.0908,0.5227,4,115,1
dis_06487,sym_00211,1.5954,0.5318,3,117,1
dis_06487,sym_00284,2.0046,0.6682,3,147,1
dis_06487,sym_00317,2.2728,0.5682,4,125,1
dis_06487,sym_00373,2.982,0.7455,4,164,1
dis_06488,sym_00010,2.1249,0.7083,3,34,1
dis_06488,sym_00201,1.6875,0.5625,3,27,1
dis_06488,sym_00238,2.8125,0.9375,3,45,1
dis_06488,sym_00322,1.3749,0.4583,3,22,1
dis_06488,sym_00473,1.9374,0.6458,3,31,1
dis_06490,sym_00119,2.6667,0.8889,3,8,1
dis_06490,sym_00370,3.0,1.0,3,9,1
dis_06490,sym_00456,3.0,1.0,3,9,1
dis_06491,sym_00068,1.6431,0.5477,3,178,1
dis_06491,sym_00137,1.5693,0.5231,3,170,1
dis_06491,sym_00194,2.0493,0.6831,3,222,1
dis_06491,sym_00211,1.6155,0.5385,3,175,1
dis_06491,sym_00317,2.2032,0.5508,4,179,1
dis_06491,sym_00371,1.6338,0.5446,3,177,1
dis_06491,sym_00373,3.114,0.7785,4,253,1
dis_06491,sym_00397,2.0124,0.6708,3,218,1
dis_06492,sym_00035,2.1678,0.7226,3,99,1
dis_06492,sym_00091,2.3649,0.7883,3,108,1
dis_06492,sym_00176,1.6203,0.5401,3,74,1
dis_06492,sym_00261,2.5182,0.8394,3,115,1
dis_06492,sym_00335,1.3359,0.4453,3,61,1
dis_06492,sym_00451,1.5765,0.5255,3,72,1
dis_06493,sym_00098,1.5273,0.5091,3,28,1
dis_06493,sym_00105,2.182,0.5455,4,30,1
dis_06493,sym_00112,2.0181,0.6727,3,37,1
dis_06493,sym_00120,2.6181,0.8727,3,48,1
dis_06493,sym_00364,1.4181,0.4727,3,26,1
dis_06494,sym_00008,2.2359,0.7453,3,158,1
dis_06494,sym_00097,2.052,0.684,3,145,1
dis_06494,sym_00099,1.7829,0.5943,3,126,1
dis_06494,sym_00161,2.1369,0.7123,3,151,1
dis_06494,sym_00307,2.448,0.816,3,173,1
dis_06494,sym_00407,1.7973,0.5991,3,127,1
dis_06494,sym_00431,1.8255,0.6085,3,129,1
dis_06502,sym_00011,3.0,1.0,3,6,1
dis_06502,sym_00119,1.5,0.5,3,3,1
dis_06502,sym_00314,2.0001,0.6667,3,4,1
dis_06502,sym_00325,2.4999,0.8333,3,5,1
dis_06515,sym_00030,2.5833,0.8611,3,31,1
dis_06515,sym_00080,2.5556,0.6389,4,23,1
dis_06515,sym_00086,2.5833,0.8611,3,31,1
dis_06515,sym_00140,3.0,0.75,4,27,1
dis_06515,sym_00166,1.9167,0.6389,3,23,1
dis_06516,sym_00005,1.6578,0.5526,3,105,1
dis_06516,sym_00006,2.0685,0.6895,3,131,1
dis_06516,sym_00025,2.6211,0.8737,3,166,1
dis_06516,sym_00089,1.5159,0.5053,3,96,1
dis_06516,sym_00140,2.0212,0.5053,4,96,1
dis_06516,sym_00204,1.6896,0.5632,3,107,1
dis_06516,sym_00397,2.1,0.7,3,133,1
dis_06517,sym_00053,1.5,0.5,3,17,1
dis_06517,sym_00194,1.5882,0.5294,3,18,1
dis_06517,sym_00238,2.9118,0.9706,3,33,1
dis_06517,sym_00327,1.9413,0.6471,3,22,1
dis_06517,sym_00435,1.5,0.5,3,17,1
dis_06525,sym_00105,4.0,1.0,4,3,1
dis_06525,sym_00140,4.0,1.0,4,3,1
dis_06525,sym_00148,3.0,1.0,3,3,1
dis_06557,sym_00053,1.6668,0.5556,3,75,1
dis_06557,sym_00126,1.5333,0.5111,3,69,1
dis_06557,sym_00153,2.0445,0.6815,3,92,1
dis_06557,sym_00194,1.8222,0.6074,3,82,1
dis_06557,sym_00207,2.1999,0.7333,3,99,1
dis_06557,sym_00304,1.5555,0.5185,3,70,1
dis_06557,sym_00362,2.0223,0.6741,3,91,1
dis_06557,sym_00433,1.5555,0.5185,3,70,1
dis_06559,sym_00035,1.4538,0.4846,3,330,1
dis_06559,sym_00053,1.6299,0.5433,3,370,1
dis_06559,sym_00069,1.5375,0.5125,3,349,1
dis_06559,sym_00147,1.5285,0.5095,3,347,1
dis_06559,sym_00165,1.5684,0.5228,3,356,1
dis_06559,sym_00194,1.6521,0.5507,3,375,1
dis_06559,sym_00261,1.542,0.514,3,350,1
dis_06559,sym_00314,1.5066,0.5022,3,342,1
dis_06559,sym_00362,1.9911,0.6637,3,452,1
dis_06559,sym_00370,2.0175,0.6725,3,458,1
dis_06561,sym_00090,2.7186,0.9062,3,58,1
dis_06561,sym_00289,2.969,0.5938,5,38,1
dis_06561,sym_00402,2.25,0.75,3,48,1
dis_06561,sym_00464,4.0625,0.8125,5,52,1
dis_06561,sym_00470,2.0157,0.6719,3,43,1
dis_06580,sym_00119,1.5,0.5,3,6,1
dis_06580,sym_00233,2.0001,0.6667,3,8,1
dis_06580,sym_00242,3.0,1.0,3,12,1
dis_06580,sym_00479,2.4999,0.8333,3,10,1
dis_06587,sym_00006,2.8749,0.9583,3,46,1
dis_06587,sym_00099,1.8126,0.6042,3,29,1
dis_06587,sym_00105,2.0832,0.5208,4,25,1
dis_06587,sym_00176,1.5624,0.5208,3,25,1
dis_06587,sym_00307,2.3124,0.7708,3,37,1
dis_06589,sym_00003,1.4904,0.4968,3,863,2
dis_06589,sym_00202,1.9,0.95,2,114,1
dis_06589,sym_00209,1.5882,0.5294,3,920,2
dis_06589,sym_00219,1.4991,0.4997,3,868,2
dis_06589,sym_00223,1.5207,0.5069,3,881,2
dis_06589,sym_00227,1.9308,0.6436,3,966,3
dis_06589,sym_00381,1.9,0.95,2,114,1
dis_06589,sym_00384,1.5066,0.5022,3,872,2
dis_06589,sym_00385,1.5246,0.5082,3,883,2
dis_06589,sym_00387,1.4607,0.4869,3,846,2
dis_06589,sym_00388,1.5321,0.5107,3,887,2
dis_06589,sym_00394,2.85,0.95,3,114,1
dis_06589,sym_00395,2.0589,0.6863,3,1077,3
dis_06589,sym_00396,1.8987,0.6329,3,1101,2
dis_06589,sym_00401,1.9,0.95,2,114,1
dis_06591,sym_00090,1.875,0.625,3,105,1
dis_06591,sym_00140,2.024,0.506,4,85,1
dis_06591,sym_00194,1.4643,0.4881,3,82,1
dis_06591,sym_00207,2.4999,0.8333,3,140,1
dis_06591,sym_00253,1.5,0.5,3,84,1
dis_06591,sym_00304,1.482,0.494,3,83,1
dis_06591,sym_00334,1.5537,0.5179,3,87,1
dis_06592,sym_00011,1.5132,0.5044,3,455,1
dis_06592,sym_00025,1.4436,0.4812,3,434,1
dis_06592,sym_00089,1.5465,0.5155,3,465,1
dis_06592,sym_00090,1.5399,0.5133,3,463,1
dis_06592,sym_00091,1.4934,0.4978,3,449,1
dis_06592,sym_00122,1.4901,0.4967,3,448,1
dis_06592,sym_00141,1.5465,0.5155,3,465,1
dis_06592,sym_00190,1.6296,0.5432,3,490,1
dis_06592,sym_00193,1.4934,0.4978,3,449,1
dis_06592,sym_00204,2.0721,0.6907,3,623,1
dis_06592,sym_00437,1.5399,0.5133,3,463,1
dis_06593,sym_00014,2.3442,0.7814,3,168,1
dis_06593,sym_00099,1.5627,0.5209,3,112,1
dis_06593,sym_00131,1.7022,0.5674,3,122,1
dis_06593,sym_00161,2.0931,0.6977,3,150,1
dis_06593,sym_00239,2.1768,0.7256,3,156,1
dis_06593,sym_00407,1.6884,0.5628,3,121,1
dis_06593,sym_00431,2.3721,0.7907,3,170,1
dis_06600,sym_00068,2.0403,0.6801,3,338,1
dis_06600,sym_00080,2.8248,0.7062,4,351,1
dis_06600,sym_00087,1.4307,0.4769,3,237,1
dis_06600,sym_00147,1.4487,0.4829,3,240,1
dis_06600,sym_00244,2.0343,0.6781,3,337,1
dis_06600,sym_00288,2.636,0.5272,5,262,1
dis_06600,sym_00371,1.6176,0.5392,3,268,1
dis_06600,sym_00373,2.0444,0.5111,4,254,1
dis_06600,sym_00470,1.4727,0.4909,3,244,1
dis_06602,sym_00068,1.4694,0.4898,3,431,1
dis_06602,sym_00080,2.0908,0.5227,4,460,1
dis_06602,sym_00179,1.5033,0.5011,3,441,1
dis_06602,sym_00242,2.0658,0.6886,3,606,1
dis_06602,sym_00244,1.524,0.508,3,447,1
dis_06602,sym_00371,1.5885,0.5295,3,466,1
dis_06602,sym_00373,4.0592,1.0148,4,893,1
dis_06602,sym_00380,1.5444,0.5148,3,453,1
dis_06602,sym_00417,1.524,0.508,3,447,1
dis_06602,sym_00470,1.4931,0.4977,3,438,1
dis_06603,sym_00080,2.2272,0.5568,4,103,1
dis_06603,sym_00105,3.0272,0.7568,4,140,1
dis_06603,sym_00147,1.5081,0.5027,3,93,1
dis_06603,sym_00288,2.5945,0.5189,5,96,1
dis_06603,sym_00319,2.4486,0.8162,3,151,1
dis_06603,sym_00371,1.5405,0.5135,3,95,1
dis_06603,sym_00373,1.9892,0.4973,4,92,1
dis_06604,sym_00068,2.5932,0.8644,3,102,1
dis_06604,sym_00080,2.1696,0.5424,4,64,1
dis_06604,sym_00137,1.6779,0.5593,3,66,1
dis_06604,sym_00147,1.7541,0.5847,3,69,1
dis_06604,sym_00371,1.7034,0.5678,3,67,1
dis_06604,sym_00373,4.2372,1.0593,4,125,1
dis_06605,sym_00026,1.971,0.657,3,293,1
dis_06605,sym_00080,1.9732,0.4933,4,220,1
dis_06605,sym_00140,2.036,0.509,4,227,1
dis_06605,sym_00145,2.2734,0.7578,3,338,1
dis_06605,sym_00179,1.4934,0.4978,3,222,1
dis_06605,sym_00317,2.0808,0.5202,4,232,1
dis_06605,sym_00371,1.5672,0.5224,3,233,1
dis_06605,sym_00373,4.1436,1.0359,4,462,1
dis_06610,sym_00120,3.0,1.0,3,11,1
dis_06610,sym_00373,4.0,1.0,4,11,1
dis_06616,sym_00035,1.4052,0.4684,3,423,1
dis_06616,sym_00053,1.4883,0.4961,3,448,1
dis_06616,sym_00165,1.5549,0.5183,3,468,1
dis_06616,sym_00255,1.5615,0.5205,3,470,1
dis_06616,sym_00261,1.5249,0.5083,3,459,1
dis_06616,sym_00289,2.575,0.515,5,465,1
dis_06616,sym_00314,1.5183,0.5061,3,457,1
dis_06616,sym_00370,2.0532,0.6844,3,618,1
dis_06616,sym_00380,1.5516,0.5172,3,467,1
dis_06616,sym_00416,1.4418,0.4806,3,434,1
dis_06616,sym_00464,2.4805,0.4961,5,448,1
dis_06620,sym_00030,2.8125,0.9375,3,15,1
dis_06620,sym_00080,3.0,0.75,4,12,1
dis_06620,sym_00464,3.4375,0.6875,5,11,1
dis_06622,sym_00003,1.59,0.53,3,925,2
dis_06622,sym_00157,1.9251,0.6417,3,1121,2
dis_06622,sym_00159,1.4904,0.4968,3,867,2
dis_06622,sym_00172,1.4541,0.4847,3,846,2
dis_06622,sym_00174,1.5285,0.5095,3,889,2
dis_06622,sym_00242,1.494,0.498,3,869,2
dis_06622,sym_00244,1.5438,0.5146,3,898,2
dis_06622,sym_00327,1.5435,0.5145,3,898,2
dis_06622,sym_00387,1.4769,0.4923,3,859,2
dis_06622,sym_00395,1.5426,0.5142,3,897,2
dis_06622,sym_00396,1.4682,0.4894,3,854,2
dis_06647,sym_00172,3.0,1.0,3,12,1
dis_06647,sym_00174,2.7501,0.9167,3,11,1
dis_06647,sym_00252,1.7499,0.5833,3,7,1
dis_06648,sym_00184,3.0,1.0,3,10,1
dis_06648,sym_00232,3.0,1.0,3,10,1
dis_06652,sym_00052,1.4718,0.4906,3,839,2
dis_06652,sym_00062,1.5492,0.5164,3,883,2
dis_06652,sym_00076,2.0932,0.5233,4,895,2
dis_06652,sym_00083,1.4838,0.4946,3,846,2
dis_06652,sym_00093,1.4772,0.4924,3,842,2
dis_06652,sym_00177,1.9617,0.6539,3,1120,2
dis_06652,sym_00220,1.4286,0.4762,3,814,2
dis_06652,sym_00273,1.4496,0.4832,3,826,2
dis_06652,sym_00310,1.5858,0.5286,3,904,2
dis_06652,sym_00353,1.5372,0.5124,3,876,2
dis_06652,sym_00370,1.5522,0.5174,3,885,2
dis_06679,sym_00006,1.5372,0.5124,3,145,1
dis_06679,sym_00026,1.4418,0.4806,3,136,1
dis_06679,sym_00090,1.4946,0.4982,3,141,1
dis_06679,sym_00140,2.6856,0.6714,4,190,1
dis_06679,sym_00176,1.6008,0.5336,3,151,1
dis_06679,sym_00204,2.4171,0.8057,3,228,1
dis_06679,sym_00242,1.4946,0.4982,3,141,1
dis_06679,sym_00397,1.5054,0.5018,3,142,1
dis_06689,sym_00048,1.4892,0.4964,3,139,1
dis_06689,sym_00099,1.5,0.5,3,140,1
dis_06689,sym_00106,2.4213,0.8071,3,226,1
dis_06689,sym_00216,1.6821,0.5607,3,157,1
dis_06689,sym_00239,2.025,0.675,3,189,1
dis_06689,sym_00307,1.5858,0.5286,3,148,1
dis_06689,sym_00407,1.5642,0.5214,3,146,1
dis_06689,sym_00431,1.5,0.5,3,140,1
dis_06694,sym_00099,1.674,0.558,3,77,1
dis_06694,sym_00161,2.1303,0.7101,3,98,1
dis_06694,sym_00307,1.8912,0.6304,3,87,1
dis_06694,sym_00345,2.5434,0.8478,3,117,1
dis_06694,sym_00407,1.5,0.5,3,69,1
dis_06694,sym_00431,1.6521,0.5507,3,76,1
dis_06705,sym_00029,1.875,0.625,3,10,1
dis_06705,sym_00091,1.6875,0.5625,3,9,1
dis_06705,sym_00189,1.125,0.375,3,6,1
dis_06705,sym_00242,3.0,1.0,3,16,1
dis_06705,sym_00371,1.5,0.5,3,8,1
dis_06707,sym_00216,3.0,1.0,3,2,1
dis_06707,sym_00232,3.0,1.0,3,2,1
dis_06708,sym_00012,1.5663,0.5221,3,354,1
dis_06708,sym_00118,2.0133,0.6711,3,455,1
dis_06708,sym_00172,1.4205,0.4735,3,321,1
dis_06708,sym_00174,1.4736,0.4912,3,333,1
dis_06708,sym_00227,1.4955,0.4985,3,338,1
dis_06708,sym_00229,1.5132,0.5044,3,342,1
dis_06708,sym_00233,1.5132,0.5044,3,342,1
dis_06708,sym_00327,1.4778,0.4926,3,334,1
dis_06708,sym_00479,1.5354,0.5118,3,347,1
dis_06708,sym_00481,2.0355,0.6785,3,460,1
dis_06732,sym_00176,3.0,1.0,3,1,1
dis_06732,sym_00479,3.0,1.0,3,1,1
dis_06737,sym_00003,2.022,0.674,3,457,1
dis_06737,sym_00014,1.5264,0.5088,3,345,1
dis_06737,sym_00219,1.4205,0.4735,3,321,1
dis_06737,sym_00266,1.4205,0.4735,3,321,1
dis_06737,sym_00384,1.5264,0.5088,3,345,1
dis_06737,sym_00385,1.5576,0.5192,3,352,1
dis_06737,sym_00387,1.5045,0.5015,3,340,1
dis_06737,sym_00388,1.5132,0.5044,3,342,1
dis_06737,sym_00396,1.4424,0.4808,3,326,1
dis_06737,sym_00431,1.9956,0.6652,3,451,1
dis_06738,sym_00029,1.5135,0.5045,3,56,1
dis_06738,sym_00030,2.2974,0.7658,3,85,1
dis_06738,sym_00173,2.6217,0.8739,3,97,1
dis_06738,sym_00376,1.5675,0.5225,3,58,1
dis_06738,sym_00377,1.5135,0.5045,3,56,1
dis_06738,sym_00379,1.5405,0.5135,3,57,1
dis_06755,sym_00080,3.3548,0.8387,4,52,1
dis_06755,sym_00405,2.2743,0.7581,3,47,1
dis_06755,sym_00427,2.1774,0.7258,3,45,1
dis_06755,sym_00439,2.3709,0.7903,3,49,1
dis_06759,sym_00068,1.5183,0.5061,3,167,1
dis_06759,sym_00080,2.1576,0.5394,4,178,1
dis_06759,sym_00136,2.2365,0.7455,3,246,1
dis_06759,sym_00176,1.6182,0.5394,3,178,1
dis_06759,sym_00307,2.0637,0.6879,3,227,1
dis_06759,sym_00327,1.7001,0.5667,3,187,1
dis_06759,sym_00371,2.1726,0.7242,3,239,1
dis_06759,sym_00373,2.0848,0.5212,4,172,1
dis_06763,sym_00003,1.4598,0.4866,3,91,1
dis_06763,sym_00159,2.1978,0.7326,3,137,1
dis_06763,sym_00219,1.5402,0.5134,3,96,1
dis_06763,sym_00336,1.5561,0.5187,3,97,1
dis_06763,sym_00395,1.4277,0.4759,3,89,1
dis_06763,sym_00396,1.5882,0.5294,3,99,1
dis_06763,sym_00451,2.5026,0.8342,3,156,1
dis_06767,sym_00003,1.5819,0.5273,3,135,1
dis_06767,sym_00219,1.4883,0.4961,3,127,1
dis_06767,sym_00248,2.0274,0.6758,3,173,1
dis_06767,sym_00385,1.3944,0.4648,3,119,1
dis_06767,sym_00387,1.9452,0.6484,3,166,1
dis_06767,sym_00388,2.1564,0.7188,3,184,1
dis_06767,sym_00396,2.2617,0.7539,3,193,1
dis_06769,sym_00080,1.7776,0.4444,4,40,1
dis_06769,sym_00147,1.8333,0.6111,3,55,1
dis_06769,sym_00395,1.5666,0.5222,3,47,1
dis_06769,sym_00396,2.1,0.7,3,63,1
dis_06769,sym_00405,1.4667,0.4889,3,44,1
dis_06769,sym_00442,2.5668,0.8556,3,77,1
dis_06781,sym_00025,1.4604,0.4868,3,828,2
dis_06781,sym_00089,1.5279,0.5093,3,866,2
dis_06781,sym_00090,1.5834,0.5278,3,898,2
dis_06781,sym_00091,1.5276,0.5092,3,866,2
dis_06781,sym_00122,1.5444,0.5148,3,876,2
dis_06781,sym_00141,1.5624,0.5208,3,886,2
dis_06781,sym_00190,1.4532,0.4844,3,824,2
dis_06781,sym_00193,1.5732,0.5244,3,892,2
dis_06781,sym_00204,1.9713,0.6571,3,1119,2
dis_06781,sym_00259,1.5246,0.5082,3,864,2
dis_06781,sym_00437,1.5147,0.5049,3,859,2
dis_06788,sym_00033,1.464,0.488,3,326,1
dis_06788,sym_00184,1.4955,0.4985,3,333,1
dis_06788,sym_00240,1.4193,0.4731,3,316,1
dis_06788,sym_00242,2.0031,0.6677,3,446,1
dis_06788,sym_00245,1.572,0.524,3,350,1
dis_06788,sym_00252,1.554,0.518,3,346,1
dis_06788,sym_00255,1.5807,0.5269,3,352,1
dis_06788,sym_00262,1.5807,0.5269,3,352,1
dis_06788,sym_00337,2.0031,0.6677,3,446,1
dis_06788,sym_00453,1.4415,0.4805,3,321,1
dis_06789,sym_00006,2.8044,0.9348,3,43,1
dis_06789,sym_00131,1.9566,0.6522,3,30,1
dis_06789,sym_00176,2.1522,0.7174,3,33,1
dis_06789,sym_00307,1.5651,0.5217,3,24,1
dis_06789,sym_00407,1.6956,0.5652,3,26,1
dis_06790,sym_00003,1.5177,0.5059,3,171,1
dis_06790,sym_00145,2.3166,0.7722,3,261,1
dis_06790,sym_00219,1.3758,0.4586,3,155,1
dis_06790,sym_00248,1.5711,0.5237,3,177,1
dis_06790,sym_00384,1.4733,0.4911,3,166,1
dis_06790,sym_00385,1.5267,0.5089,3,172,1
dis_06790,sym_00386,1.8729,0.6243,3,211,1
dis_06790,sym_00387,1.9881,0.6627,3,224,1
dis_06792,sym_00035,1.4211,0.4737,3,81,1
dis_06792,sym_00234,2.4912,0.8304,3,142,1
dis_06792,sym_00235,2.0175,0.6725,3,115,1
dis_06792,sym_00242,1.4385,0.4795,3,82,1
dis_06792,sym_00255,1.5438,0.5146,3,88,1
dis_06792,sym_00262,1.4913,0.4971,3,85,1
dis_06792,sym_00337,1.5087,0.5029,3,86,1
dis_06795,sym_00232,3.0,1.0,3,4,1
dis_06795,sym_00370,3.0,1.0,3,4,1
dis_06797,sym_00016,1.5186,0.5062,3,874,2
dis_06797,sym_00079,1.5327,0.5109,3,882,2
dis_06797,sym_00080,1.99,0.4975,4,859,2
dis_06797,sym_00112,1.6008,0.5336,3,921,2
dis_06797,sym_00166,1.5612,0.5204,3,898,2
dis_06797,sym_00176,1.5312,0.5104,3,881,2
dis_06797,sym_00216,1.4637,0.4879,3,842,2
dis_06797,sym_00239,1.9785,0.6595,3,1140,2
dis_06797,sym_00288,2.4745,0.4949,5,854,2
dis_06797,sym_00403,1.5264,0.5088,3,878,2
dis_06797,sym_00405,1.452,0.484,3,836,2
dis_06798,sym_00003,1.4934,0.4978,3,863,2
dis_06798,sym_00014,1.5,0.5,3,867,2
dis_06798,sym_00028,1.4607,0.4869,3,844,2
dis_06798,sym_00034,1.4886,0.4962,3,860,2
dis_06798,sym_00171,1.557,0.519,3,900,2
dis_06798,sym_00209,1.5312,0.5104,3,885,2
dis_06798,sym_00291,1.5552,0.5184,3,899,2
dis_06798,sym_00385,1.5846,0.5282,3,916,2
dis_06798,sym_00387,1.4604,0.4868,3,844,2
dis_06798,sym_00388,1.9554,0.6518,3,1132,2
dis_06798,sym_00396,1.4598,0.4866,3,844,2
dis_06799,sym_00003,1.5,0.5,3,440,1
dis_06799,sym_00014,1.9773,0.6591,3,580,1
dis_06799,sym_00110,1.5615,0.5205,3,458,1
dis_06799,sym_00209,1.5615,0.5205,3,458,1
dis_06799,sym_00219,1.5444,0.5148,3,453,1
dis_06799,sym_00384,1.5885,0.5295,3,466,1
dis_06799,sym_00385,1.5375,0.5125,3,451,1
dis_06799,sym_00387,1.5615,0.5205,3,458,1
dis_06799,sym_00395,1.5204,0.5068,3,446,1
dis_06799,sym_00434,1.5306,0.5102,3,449,1
dis_06799,sym_00446,1.5069,0.5023,3,442,1
dis_06800,sym_00003,1.6206,0.5402,3,470,1
dis_06800,sym_00014,1.5102,0.5034,3,438,1
dis_06800,sym_00209,1.5207,0.5069,3,441,1
dis_06800,sym_00219,1.9794,0.6598,3,574,1
dis_06800,sym_00385,1.6104,0.5368,3,467,1
dis_06800,sym_00386,1.5516,0.5172,3,450,1
dis_06800,sym_00387,1.524,0.508,3,442,1
dis_06800,sym_00388,1.638,0.546,3,475,1
dis_06800,sym_00395,1.5483,0.5161,3,449,1
dis_06800,sym_00396,1.4448,0.4816,3,419,1
dis_06800,sym_00468,1.5414,0.5138,3,447,1
dis_06808,sym_00098,1.5066,0.5022,3,342,1
dis_06808,sym_00105,1.9148,0.4787,4,326,1
dis_06808,sym_00112,1.599,0.533,3,363,1
dis_06808,sym_00150,1.4802,0.4934,3,336,1
dis_06808,sym_00189,1.9956,0.6652,3,453,1
dis_06808,sym_00221,1.4715,0.4905,3,334,1
dis_06808,sym_00288,2.621,0.5242,5,357,1
dis_06808,sym_00329,1.5111,0.5037,3,343,1
dis_06808,sym_00364,1.4625,0.4875,3,332,1
dis_06808,sym_00439,1.9515,0.6505,3,443,1
dis_06812,sym_00069,1.4955,0.4985,3,864,2
dis_06812,sym_00080,2.0316,0.5079,4,880,2
dis_06812,sym_00086,1.5024,0.5008,3,868,2
dis_06812,sym_00145,1.5744,0.5248,3,910,2
dis_06812,sym_00147,1.6062,0.5354,3,928,2
dis_06812,sym_00370,1.5117,0.5039,3,873,2
dis_06812,sym_00373,4.6148,1.1537,4,2001,2
dis_06812,sym_00416,1.5027,0.5009,3,868,2
dis_06812,sym_00464,2.5565,0.5113,5,886,2
dis_06812,sym_00470,1.518,0.506,3,877,2
dis_06813,sym_00147,1.4517,0.4839,3,30,1
dis_06813,sym_00184,2.613,0.871,3,54,1
dis_06813,sym_00233,1.5969,0.5323,3,33,1
dis_06813,sym_00235,1.7418,0.5806,3,36,1
dis_06813,sym_00242,2.6613,0.8871,3,55,1
dis_06832,sym_00003,1.6068,0.5356,3,203,1
dis_06832,sym_00035,1.6149,0.5383,3,204,1
dis_06832,sym_00136,1.5831,0.5277,3,200,1
dis_06832,sym_00176,2.1768,0.7256,3,275,1
dis_06832,sym_00219,1.6068,0.5356,3,203,1
dis_06832,sym_00307,1.5831,0.5277,3,200,1
dis_06832,sym_00371,2.4222,0.8074,3,306,1
dis_06832,sym_00387,1.7574,0.5858,3,222,1
dis_06832,sym_00395,1.7652,0.5884,3,223,1
dis_06848,sym_00080,2.6092,0.6523,4,332,1
dis_06848,sym_00136,1.5795,0.5265,3,268,1
dis_06848,sym_00226,1.4853,0.4951,3,252,1
dis_06848,sym_00288,2.5735,0.5147,5,262,1
dis_06848,sym_00291,1.4676,0.4892,3,249,1
dis_06848,sym_00294,1.5087,0.5029,3,256,1
dis_06848,sym_00327,1.5618,0.5206,3,265,1
dis_06848,sym_00405,1.9509,0.6503,3,331,1
dis_06848,sym_00427,2.0805,0.6935,3,353,1
dis_06850,sym_00087,1.4052,0.4684,3,74,1
dis_06850,sym_00105,2.152,0.538,4,85,1
dis_06850,sym_00137,1.5948,0.5316,3,84,1
dis_06850,sym_00197,1.9938,0.6646,3,105,1
dis_06850,sym_00211,1.7469,0.5823,3,92,1
dis_06850,sym_00317,2.0508,0.5127,4,81,1
dis_06850,sym_00373,2.962,0.7405,4,117,1
dis_06850,sym_00470,1.3482,0.4494,3,71,1
dis_06851,sym_00012,1.6326,0.5442,3,123,1
dis_06851,sym_00035,1.5264,0.5088,3,115,1
dis_06851,sym_00109,2.6415,0.8805,3,199,1
dis_06851,sym_00147,1.5132,0.5044,3,114,1
dis_06851,sym_00227,1.4601,0.4867,3,110,1
dis_06851,sym_00242,1.3806,0.4602,3,104,1
dis_06851,sym_00343,1.5399,0.5133,3,116,1
dis_06851,sym_00437,1.5399,0.5133,3,116,1
dis_06852,sym_00012,1.4769,0.4923,3,847,2
dis_06852,sym_00029,1.6206,0.5402,3,930,2
dis_06852,sym_00035,1.4925,0.4975,3,856,2
dis_06852,sym_00062,1.4937,0.4979,3,857,2
dis_06852,sym_00184,1.4622,0.4874,3,839,2
dis_06852,sym_00233,1.5093,0.5031,3,866,2
dis_06852,sym_00242,1.5261,0.5087,3,875,2
dis_06852,sym_00255,1.473,0.491,3,845,2
dis_06852,sym_00370,1.5357,0.5119,3,881,2
dis_06852,sym_00371,1.4667,0.4889,3,841,2
dis_06852,sym_00464,3.3145,0.6629,5,1143,2
dis_06864,sym_00068,1.9905,0.6635,3,1145,2
dis_06864,sym_00087,1.5474,0.5158,3,889,2
dis_06864,sym_00105,1.9904,0.4976,4,857,2
dis_06864,sym_00137,1.5747,0.5249,3,904,2
dis_06864,sym_00145,1.5006,0.5002,3,862,2
dis_06864,sym_00197,1.5333,0.5111,3,881,2
dis_06864,sym_00211,1.6029,0.5343,3,921,2
dis_06864,sym_00317,1.9924,0.4981,4,858,2
dis_06864,sym_00371,1.5075,0.5025,3,866,2
dis_06864,sym_00373,2.0024,0.5006,4,862,2
dis_06864,sym_00470,1.4886,0.4962,3,855,2
dis_06871,sym_00012,1.5,0.5,3,46,1
dis_06871,sym_00096,2.3805,0.7935,3,73,1
dis_06871,sym_00099,1.7283,0.5761,3,53,1
dis_06871,sym_00227,1.3371,0.4457,3,41,1
dis_06871,sym_00307,2.8044,0.9348,3,86,1
dis_06871,sym_00431,1.5327,0.5109,3,47,1
dis_06872,sym_00003,1.4841,0.4947,3,327,1
dis_06872,sym_00209,2.0424,0.6808,3,450,1
dis_06872,sym_00248,2.0151,0.6717,3,444,1
dis_06872,sym_00384,1.4796,0.4932,3,326,1
dis_06872,sym_00385,1.5432,0.5144,3,340,1
dis_06872,sym_00386,1.5024,0.5008,3,331,1
dis_06872,sym_00387,1.5657,0.5219,3,345,1
dis_06872,sym_00388,1.5387,0.5129,3,339,1
dis_06872,sym_00396,1.4523,0.4841,3,320,1
dis_06872,sym_00468,1.5294,0.5098,3,337,1
dis_06873,sym_00003,2.0769,0.6923,3,468,1
dis_06873,sym_00014,1.5222,0.5074,3,343,1
dis_06873,sym_00209,1.4334,0.4778,3,323,1
dis_06873,sym_00219,1.5399,0.5133,3,347,1
dis_06873,sym_00384,1.5576,0.5192,3,351,1
dis_06873,sym_00385,1.5354,0.5118,3,346,1
dis_06873,sym_00386,1.9971,0.6657,3,450,1
dis_06873,sym_00387,1.5798,0.5266,3,356,1
dis_06873,sym_00388,1.5843,0.5281,3,357,1
dis_06873,sym_00396,1.4247,0.4749,3,321,1
dis_06875,sym_00003,1.5012,0.5004,3,858,2
dis_06875,sym_00014,1.5081,0.5027,3,862,2
dis_06875,sym_00209,2.0163,0.6721,3,1154,2
dis_06875,sym_00219,1.4931,0.4977,3,853,2
dis_06875,sym_00384,1.5261,0.5087,3,872,2
dis_06875,sym_00385,1.587,0.529,3,907,2
dis_06875,sym_00387,1.4601,0.4867,3,834,2
dis_06875,sym_00388,1.5615,0.5205,3,892,2
dis_06875,sym_00395,1.4877,0.4959,3,850,2
dis_06875,sym_00396,1.4916,0.4972,3,852,2
dis_06875,sym_00468,1.6413,0.5471,3,938,2
dis_06876,sym_00003,1.5282,0.5094,3,868,2
dis_06876,sym_00014,1.5318,0.5106,3,870,2
dis_06876,sym_00209,1.5702,0.5234,3,892,2
dis_06876,sym_00219,1.47,0.49,3,835,2
dis_06876,sym_00384,1.5009,0.5003,3,853,2
dis_06876,sym_00385,1.5279,0.5093,3,868,2
dis_06876,sym_00386,1.4826,0.4942,3,842,2
dis_06876,sym_00387,1.4631,0.4877,3,831,2
dis_06876,sym_00388,1.6533,0.5511,3,939,2
dis_06876,sym_00396,1.9584,0.6528,3,1114,2
dis_06876,sym_00468,1.5909,0.5303,3,904,2
dis_06891,sym_00011,1.539,0.513,3,453,1
dis_06891,sym_00080,2.034,0.5085,4,449,1
dis_06891,sym_00081,1.5459,0.5153,3,455,1
dis_06891,sym_00108,1.5798,0.5266,3,465,1
dis_06891,sym_00122,1.9707,0.6569,3,580,1
dis_06891,sym_00176,1.4982,0.4994,3,441,1
dis_06891,sym_00179,1.4982,0.4994,3,441,1
dis_06891,sym_00192,1.5867,0.5289,3,467,1
dis_06891,sym_00371,1.5765,0.5255,3,464,1
dis_06891,sym_00373,1.984,0.496,4,438,1
dis_06891,sym_00402,1.6173,0.5391,3,476,1
dis_06895,sym_00011,2.043,0.681,3,348,1
dis_06895,sym_00025,1.4676,0.4892,3,250,1
dis_06895,sym_00089,1.4502,0.4834,3,247,1
dis_06895,sym_00090,1.5324,0.5108,3,261,1
dis_06895,sym_00091,1.4148,0.4716,3,241,1
dis_06895,sym_00122,2.0253,0.6751,3,345,1
dis_06895,sym_00123,2.0373,0.6791,3,347,1
dis_06895,sym_00141,1.503,0.501,3,256,1
dis_06895,sym_00204,1.4676,0.4892,3,250,1
dis_06896,sym_00003,1.4736,0.4912,3,84,1
dis_06896,sym_00167,2.4387,0.8129,3,139,1
dis_06896,sym_00219,1.5789,0.5263,3,90,1
dis_06896,sym_00384,1.9824,0.6608,3,113,1
dis_06896,sym_00385,1.4562,0.4854,3,83,1
dis_06896,sym_00387,1.5087,0.5029,3,86,1
dis_06896,sym_00388,1.5966,0.5322,3,91,1
dis_06897,sym_00012,1.557,0.519,3,41,1
dis_06897,sym_00025,1.7088,0.5696,3,45,1
dis_06897,sym_00090,1.8228,0.6076,3,48,1
dis_06897,sym_00105,3.2404,0.8101,4,64,1
dis_06897,sym_00137,2.6583,0.8861,3,70,1
dis_06932,sym_00119,2.148,0.716,3,58,1
dis_06932,sym_00165,2.7408,0.9136,3,74,1
dis_06932,sym_00268,1.7037,0.5679,3,46,1
dis_06932,sym_00309,1.6296,0.5432,3,44,1
dis_06932,sym_00362,2.3334,0.7778,3,63,1
dis_06934,sym_00080,4.0,1.0,4,5,1
dis_06934,sym_00119,3.0,1.0,3,5,1
dis_06934,sym_00395,2.4,0.8,3,4,1
dis_06935,sym_00035,1.683,0.561,3,46,1
dis_06935,sym_00103,2.0853,0.6951,3,57,1
dis_06935,sym_00130,2.6706,0.8902,3,73,1
dis_06935,sym_00176,1.6464,0.5488,3,45,1
dis_06935,sym_00207,1.5366,0.5122,3,42,1
dis_06935,sym_00387,1.7196,0.5732,3,47,1
dis_06948,sym_00029,1.536,0.512,3,1236,2
dis_06948,sym_00035,1.5459,0.5153,3,1244,2
dis_06948,sym_00176,1.4889,0.4963,3,1198,2
dis_06948,sym_00184,1.5285,0.5095,3,1230,2
dis_06948,sym_00242,1.4715,0.4905,3,1184,2
dis_06948,sym_00252,1.479,0.493,3,1190,2
dis_06948,sym_00255,1.5186,0.5062,3,1222,2
dis_06948,sym_00262,1.5312,0.5104,3,1232,2
dis_06948,sym_00292,2.5725,0.5145,5,1242,2
dis_06948,sym_00319,1.4937,0.4979,3,1202,2
dis_06948,sym_00337,1.5435,0.5145,3,1242,2
dis_06948,sym_00376,1.4589,0.4863,3,1174,2
dis_06949,sym_00006,2.25,0.75,3,6,1
dis_06949,sym_00025,3.0,1.0,3,8,1
dis_06949,sym_00105,2.5,0.625,4,5,1
dis_06949,sym_00337,1.125,0.375,3,3,1
dis_06984,sym_00034,1.5234,0.5078,3,229,1
dis_06984,sym_00035,1.53,0.51,3,230,1
dis_06984,sym_00184,1.4967,0.4989,3,225,1
dis_06984,sym_00242,1.5033,0.5011,3,226,1
dis_06984,sym_00255,1.5831,0.5277,3,238,1
dis_06984,sym_00262,1.5099,0.5033,3,227,1
dis_06984,sym_00292,2.406,0.4812,5,217,1
dis_06984,sym_00380,1.9755,0.6585,3,297,1
dis_06984,sym_00411,2.2152,0.7384,3,333,1
dis_07004,sym_00035,1.5558,0.5186,3,349,1
dis_07004,sym_00184,1.9836,0.6612,3,445,1
dis_07004,sym_00240,2.0058,0.6686,3,450,1
dis_07004,sym_00242,1.4709,0.4903,3,330,1
dis_07004,sym_00245,1.4799,0.4933,3,332,1
dis_07004,sym_00252,1.5111,0.5037,3,339,1
dis_07004,sym_00255,1.569,0.523,3,352,1
dis_07004,sym_00292,2.5335,0.5067,5,341,1
dis_07004,sym_00319,1.5201,0.5067,3,341,1
dis_07004,sym_00337,1.4442,0.4814,3,324,1
dis_07013,sym_00012,1.5468,0.5156,3,1254,2
dis_07013,sym_00029,1.5198,0.5066,3,1232,2
dis_07013,sym_00035,1.5321,0.5107,3,1242,2
dis_07013,sym_00184,1.5024,0.5008,3,1218,2
dis_07013,sym_00233,1.4853,0.4951,3,1204,2
dis_07013,sym_00242,1.4409,0.4803,3,1168,2
dis_07013,sym_00252,1.5198,0.5066,3,1232,2
dis_07013,sym_00255,1.5492,0.5164,3,1256,2
dis_07013,sym_00262,1.4925,0.4975,3,1210,2
dis_07013,sym_00292,2.5865,0.5173,5,1258,2
dis_07013,sym_00319,1.4481,0.4827,3,1174,2
dis_07013,sym_00376,1.4703,0.4901,3,1192,2
dis_07016,sym_00050,1.4481,0.4827,3,1170,2
dis_07016,sym_00062,1.5717,0.5239,3,1270,2
dis_07016,sym_00083,1.4802,0.4934,3,1196,2
dis_07016,sym_00178,1.5123,0.5041,3,1222,2
dis_07016,sym_00205,1.5051,0.5017,3,1216,2
dis_07016,sym_00261,1.5024,0.5008,3,1214,2
dis_07016,sym_00305,1.5396,0.5132,3,1244,2
dis_07016,sym_00322,1.5321,0.5107,3,1238,2
dis_07016,sym_00336,1.4949,0.4983,3,1208,2
dis_07016,sym_00370,1.458,0.486,3,1178,2
dis_07016,sym_00408,1.5,0.5,3,1212,2
dis_07016,sym_00456,1.557,0.519,3,1258,2
dis_07018,sym_00233,3.0,1.0,3,3,1
dis_07018,sym_00479,3.0,1.0,3,3,1
dis_07019,sym_00018,1.4925,0.4975,3,1206,2
dis_07019,sym_00029,1.542,0.514,3,1246,2
dis_07019,sym_00035,1.557,0.519,3,1258,2
dis_07019,sym_00157,1.5348,0.5116,3,1240,2
dis_07019,sym_00172,1.5024,0.5008,3,1214,2
dis_07019,sym_00176,1.5051,0.5017,3,1216,2
dis_07019,sym_00233,1.485,0.495,3,1200,2
dis_07019,sym_00242,1.4481,0.4827,3,1170,2
dis_07019,sym_00255,1.5174,0.5058,3,1226,2
dis_07019,sym_00292,2.5085,0.5017,5,1216,2
dis_07019,sym_00376,1.5075,0.5025,3,1218,2
dis_07019,sym_00479,1.5372,0.5124,3,1242,2
dis_07030,sym_00008,2.2647,0.7549,3,77,1
dis_07030,sym_00080,2.7844,0.6961,4,71,1
dis_07030,sym_00239,1.4118,0.4706,3,48,1
dis_07030,sym_00431,1.9413,0.6471,3,66,1
dis_07030,sym_00476,2.4705,0.8235,3,84,1
dis_07039,sym_00062,1.6839,0.5613,3,87,1
dis_07039,sym_00093,2.5548,0.8516,3,132,1
dis_07039,sym_00096,2.5548,0.8516,3,132,1
dis_07039,sym_00177,1.5291,0.5097,3,79,1
dis_07039,sym_00289,2.8065,0.5613,5,87,1
dis_07039,sym_00370,1.8969,0.6323,3,98,1
dis_07039,sym_00464,2.5485,0.5097,5,79,1
dis_07043,sym_00012,1.5075,0.5025,3,1216,2
dis_07043,sym_00069,1.5174,0.5058,3,1224,2
dis_07043,sym_00080,2.0032,0.5008,4,1212,2
dis_07043,sym_00086,1.5222,0.5074,3,1228,2
dis_07043,sym_00096,1.4553,0.4851,3,1174,2
dis_07043,sym_00112,1.5495,0.5165,3,1250,2
dis_07043,sym_00147,1.5,0.5,3,1210,2
dis_07043,sym_00176,1.5645,0.5215,3,1262,2
dis_07043,sym_00288,2.5125,0.5025,5,1216,2
dis_07043,sym_00395,1.5471,0.5157,3,1248,2
dis_07043,sym_00405,1.4652,0.4884,3,1182,2
dis_07043,sym_00464,2.6365,0.5273,5,1276,2
dis_07044,sym_00053,1.506,0.502,3,128,1
dis_07044,sym_00165,1.6941,0.5647,3,144,1
dis_07044,sym_00191,2.4234,0.8078,3,206,1
dis_07044,sym_00205,2.106,0.702,3,179,1
dis_07044,sym_00207,1.5765,0.5255,3,134,1
dis_07044,sym_00314,2.0589,0.6863,3,175,1
dis_07044,sym_00362,2.0823,0.6941,3,177,1
dis_07047,sym_00096,2.1279,0.7093,3,61,1
dis_07047,sym_00177,2.4768,0.8256,3,71,1
dis_07047,sym_00337,2.1279,0.7093,3,61,1
dis_07047,sym_00360,1.6395,0.5465,3,47,1
dis_07047,sym_00371,2.3373,0.7791,3,67,1
dis_07047,sym_00464,3.43,0.686,5,59,1
dis_07048,sym_00006,1.5327,0.5109,3,328,1
dis_07048,sym_00017,1.9,0.95,2,114,1
dis_07048,sym_00091,1.4907,0.4969,3,319,1
dis_07048,sym_00097,1.5048,0.5016,3,322,1
dis_07048,sym_00103,1.4952,0.4984,3,320,1
dis_07048,sym_00105,2.0936,0.5234,4,336,1
dis_07048,sym_00154,1.584,0.528,3,339,1
dis_07048,sym_00176,2.4645,0.8215,3,585,2
dis_07048,sym_00337,2.0841,0.6947,3,446,1
dis_07048,sym_00368,1.5327,0.5109,3,328,1
dis_07048,sym_00400,1.5606,0.5202,3,334,1
dis_07048,sym_00464,4.5,0.9,5,108,1
dis_07048,sym_00472,3.6,0.9,4,108,1
dis_07052,sym_00003,1.5102,0.5034,3,876,2
dis_07052,sym_00128,1.5135,0.5045,3,878,2
dis_07052,sym_00131,1.467,0.489,3,851,2
dis_07052,sym_00133,1.6191,0.5397,3,939,2
dis_07052,sym_00135,1.5411,0.5137,3,894,2
dis_07052,sym_00216,1.5174,0.5058,3,880,2
dis_07052,sym_00270,1.5294,0.5098,3,887,2
dis_07052,sym_00307,1.5138,0.5046,3,878,2
dis_07052,sym_00396,1.9152,0.6384,3,1112,2
dis_07052,sym_00425,1.6017,0.5339,3,929,2
dis_07052,sym_00431,1.5156,0.5052,3,879,2
dis_07055,sym_00052,2.9001,0.9667,3,29,1
dis_07055,sym_00305,1.8,0.6,3,18,1
dis_07055,sym_00317,3.3332,0.8333,4,25,1
dis_07055,sym_00336,2.4,0.8,3,24,1
dis_07055,sym_00456,1.8,0.6,3,18,1
dis_07057,sym_00105,2.4572,0.6143,4,86,1
dis_07057,sym_00137,2.0142,0.6714,3,94,1
dis_07057,sym_00176,1.7142,0.5714,3,80,1
dis_07057,sym_00252,1.9287,0.6429,3,90,1
dis_07057,sym_00431,2.5071,0.8357,3,117,1
dis_07057,sym_00464,3.607,0.7214,5,101,1
dis_07058,sym_00044,1.6989,0.5663,3,141,1
dis_07058,sym_00099,1.6266,0.5422,3,135,1
dis_07058,sym_00131,1.6386,0.5462,3,136,1
dis_07058,sym_00136,1.4577,0.4859,3,121,1
dis_07058,sym_00161,2.3856,0.7952,3,198,1
dis_07058,sym_00176,2.1447,0.7149,3,178,1
dis_07058,sym_00307,1.7832,0.5944,3,148,1
dis_07058,sym_00431,1.53,0.51,3,127,1
dis_07060,sym_00091,1.8345,0.6115,3,85,1
dis_07060,sym_00105,2.9352,0.7338,4,102,1
dis_07060,sym_00136,2.0505,0.6835,3,95,1
dis_07060,sym_00176,1.554,0.518,3,72,1
dis_07060,sym_00214,2.3526,0.7842,3,109,1
dis_07060,sym_00464,3.633,0.7266,5,101,1
dis_07061,sym_00025,2.0424,0.6808,3,145,1
dis_07061,sym_00089,1.521,0.507,3,108,1
dis_07061,sym_00091,1.6056,0.5352,3,114,1
dis_07061,sym_00108,1.5069,0.5023,3,107,1
dis_07061,sym_00145,1.6056,0.5352,3,114,1
dis_07061,sym_00190,2.3943,0.7981,3,170,1
dis_07061,sym_00204,2.0562,0.6854,3,146,1
dis_07088,sym_00084,2.25,0.75,3,3,1
dis_07088,sym_00105,3.0,0.75,4,3,1
dis_07088,sym_00145,3.0,1.0,3,4,1
dis_07095,sym_00176,1.7001,0.5667,3,17,1
dis_07095,sym_00282,1.9334,0.9667,2,29,1
dis_07095,sym_00395,1.8999,0.6333,3,19,1
dis_07095,sym_00458,2.4,0.8,3,24,1
dis_07097,sym_00035,1.7142,0.5714,3,8,1
dis_07097,sym_00137,3.0,1.0,3,14,1
dis_07097,sym_00176,2.5713,0.8571,3,12,1
dis_07097,sym_00376,1.9287,0.6429,3,9,1
dis_07099,sym_00012,1.6605,0.5535,3,88,1
dis_07099,sym_00056,2.3019,0.7673,3,122,1
dis_07099,sym_00173,2.3208,0.7736,3,123,1
dis_07099,sym_00233,2.0754,0.6918,3,110,1
dis_07099,sym_00244,2.019,0.673,3,107,1
dis_07099,sym_00371,1.6791,0.5597,3,89,1
dis_07121,sym_00080,3.1324,0.7831,4,343,1
dis_07121,sym_00086,1.5069,0.5023,3,220,1
dis_07121,sym_00093,1.5549,0.5183,3,227,1
dis_07121,sym_00112,1.9041,0.6347,3,278,1
dis_07121,sym_00147,1.548,0.516,3,226,1
dis_07121,sym_00288,2.5115,0.5023,5,220,1
dis_07121,sym_00356,1.5822,0.5274,3,231,1
dis_07121,sym_00432,1.6233,0.5411,3,237,1
dis_07121,sym_00437,1.4589,0.4863,3,213,1
dis_07124,sym_00035,1.5429,0.5143,3,874,2
dis_07124,sym_00053,1.5267,0.5089,3,865,2
dis_07124,sym_00165,1.5579,0.5193,3,883,2
dis_07124,sym_00207,1.5255,0.5085,3,864,2
dis_07124,sym_00261,1.5411,0.5137,3,874,2
dis_07124,sym_00314,2.0016,0.6672,3,1136,2
dis_07124,sym_00359,1.5228,0.5076,3,863,2
dis_07124,sym_00360,1.5228,0.5076,3,863,2
dis_07124,sym_00362,1.4808,0.4936,3,839,2
dis_07124,sym_00370,1.488,0.496,3,843,2
dis_07124,sym_00416,1.5669,0.5223,3,888,2
dis_07124,sym_00430,1.4703,0.4901,3,833,2
dis_07125,sym_00098,2.0235,0.6745,3,230,1
dis_07125,sym_00112,1.434,0.478,3,163,1
dis_07125,sym_00136,1.6188,0.5396,3,184,1
dis_07125,sym_00176,1.5573,0.5191,3,177,1
dis_07125,sym_00288,2.5805,0.5161,5,176,1
dis_07125,sym_00292,2.17,0.434,5,148,1
dis_07125,sym_00307,2.1819,0.7273,3,248,1
dis_07125,sym_00405,2.085,0.695,3,237,1
dis_07126,sym_00018,1.9866,0.6622,3,449,1
dis_07126,sym_00029,1.5972,0.5324,3,361,1
dis_07126,sym_00157,1.5531,0.5177,3,351,1
dis_07126,sym_00172,1.4955,0.4985,3,338,1
dis_07126,sym_00174,2.0487,0.6829,3,463,1
dis_07126,sym_00184,1.5264,0.5088,3,345,1
dis_07126,sym_00233,1.5576,0.5192,3,352,1
dis_07126,sym_00242,1.4115,0.4705,3,319,1
dis_07126,sym_00376,1.5618,0.5206,3,353,1
dis_07126,sym_00479,1.4868,0.4956,3,336,1
dis_07127,sym_00025,1.5375,0.5125,3,143,1
dis_07127,sym_00033,2.0322,0.6774,3,189,1
dis_07127,sym_00069,1.4517,0.4839,3,135,1
dis_07127,sym_00105,2.0216,0.5054,4,141,1
dis_07127,sym_00176,1.5375,0.5125,3,143,1
dis_07127,sym_00289,2.76,0.552,5,154,1
dis_07127,sym_00292,2.6165,0.5233,5,146,1
dis_07127,sym_00293,2.3547,0.7849,3,219,1
dis_07128,sym_00025,3.0,1.0,3,10,1
dis_07128,sym_00098,3.0,1.0,3,10,1
dis_07128,sym_00268,1.8,0.6,3,6,1
dis_07129,sym_00140,1.9672,0.4918,4,30,1
dis_07129,sym_00189,2.6067,0.8689,3,53,1
dis_07129,sym_00194,1.7706,0.5902,3,36,1
dis_07129,sym_00253,1.9671,0.6557,3,40,1
dis_07129,sym_00436,2.7048,0.9016,3,55,1
dis_07130,sym_00035,2.1999,0.7333,3,66,1
dis_07130,sym_00120,2.4999,0.8333,3,75,1
dis_07130,sym_00309,1.5666,0.5222,3,47,1
dis_07130,sym_00370,1.8666,0.6222,3,56,1
dis_07130,sym_00420,1.7001,0.5667,3,51,1
dis_07130,sym_00436,1.5999,0.5333,3,48,1
dis_07145,sym_00119,3.0,1.0,3,1,1
dis_07145,sym_00204,3.0,1.0,3,1,1
dis_07510,sym_00068,1.4463,0.4821,3,81,1
dis_07510,sym_00105,1.8808,0.4702,4,79,1
dis_07510,sym_00140,2.0716,0.5179,4,87,1
dis_07510,sym_00224,2.5179,0.8393,3,141,1
dis_07510,sym_00370,1.5714,0.5238,3,88,1
dis_07510,sym_00371,1.5714,0.5238,3,88,1
dis_07510,sym_00373,2.5,0.625,4,105,1
dis_07511,sym_00029,1.9833,0.6611,3,119,1
dis_07511,sym_00086,1.8999,0.6333,3,114,1
dis_07511,sym_00172,2.0832,0.6944,3,125,1
dis_07511,sym_00252,2.1834,0.7278,3,131,1
dis_07511,sym_00371,2.3499,0.7833,3,141,1
dis_07511,sym_00376,1.5666,0.5222,3,94,1
dis_07513,sym_00035,1.4934,0.4978,3,858,2
dis_07513,sym_00050,1.4247,0.4749,3,818,2
dis_07513,sym_00083,1.584,0.528,3,910,2
dis_07513,sym_00205,1.5198,0.5066,3,873,2
dis_07513,sym_00261,1.5501,0.5167,3,890,2
dis_07513,sym_00322,1.5249,0.5083,3,876,2
dis_07513,sym_00336,1.5276,0.5092,3,877,2
dis_07513,sym_00370,1.9353,0.6451,3,1113,2
dis_07513,sym_00408,1.4868,0.4956,3,854,2
dis_07513,sym_00456,1.4658,0.4886,3,842,2
dis_07513,sym_00458,1.3914,0.4638,3,799,2
dis_07515,sym_00045,1.5477,0.5159,3,65,1
dis_07515,sym_00052,1.5951,0.5317,3,67,1
dis_07515,sym_00053,1.7619,0.5873,3,74,1
dis_07515,sym_00140,2.2224,0.5556,4,70,1
dis_07515,sym_00209,2.6667,0.8889,3,112,1
dis_07515,sym_00299,1.5951,0.5317,3,67,1
dis_07515,sym_00371,1.7382,0.5794,3,73,1
dis_07518,sym_00012,1.53,0.51,3,230,1
dis_07518,sym_00029,1.6296,0.5432,3,245,1
dis_07518,sym_00031,1.9425,0.6475,3,292,1
dis_07518,sym_00157,1.5564,0.5188,3,234,1
dis_07518,sym_00242,1.5234,0.5078,3,229,1
dis_07518,sym_00244,1.4766,0.4922,3,222,1
dis_07518,sym_00266,1.53,0.51,3,230,1
dis_07518,sym_00392,1.5099,0.5033,3,227,1
dis_07518,sym_00396,2.2551,0.7517,3,339,1
dis_07526,sym_00096,2.3334,0.7778,3,7,1
dis_07526,sym_00140,2.6668,0.6667,4,6,1
dis_07526,sym_00291,1.6668,0.5556,3,5,1
dis_07526,sym_00427,2.6667,0.8889,3,8,1
dis_07528,sym_00096,1.9413,0.6471,3,11,1
dis_07528,sym_00263,2.8236,0.9412,3,16,1
dis_07528,sym_00291,2.4705,0.8235,3,14,1
dis_07528,sym_00439,2.6472,0.8824,3,15,1
dis_07530,sym_00038,2.0556,0.6852,3,148,1
dis_07530,sym_00096,1.7223,0.5741,3,124,1
dis_07530,sym_00098,2.3889,0.7963,3,172,1
dis_07530,sym_00140,2.2224,0.5556,4,120,1
dis_07530,sym_00189,2.361,0.787,3,170,1
dis_07530,sym_00291,1.6251,0.5417,3,117,1
dis_07530,sym_00439,1.5417,0.5139,3,111,1
dis_07536,sym_00006,1.7241,0.5747,3,50,1
dis_07536,sym_00008,1.7586,0.5862,3,51,1
dis_07536,sym_00091,1.8966,0.6322,3,55,1
dis_07536,sym_00176,1.8276,0.6092,3,53,1
dis_07536,sym_00337,2.6553,0.8851,3,77,1
dis_07536,sym_00431,1.4829,0.4943,3,43,1
dis_07538,sym_00068,1.6035,0.5345,3,178,1
dis_07538,sym_00080,2.7868,0.6967,4,232,1
dis_07538,sym_00252,1.4955,0.4985,3,166,1
dis_07538,sym_00289,3.3935,0.6787,5,226,1
dis_07538,sym_00363,1.5405,0.5135,3,171,1
dis_07538,sym_00371,1.6578,0.5526,3,184,1
dis_07538,sym_00373,5.0092,1.2523,4,417,1
dis_07541,sym_00098,1.5915,0.5305,3,148,1
dis_07541,sym_00105,2.1076,0.5269,4,147,1
dis_07541,sym_00112,1.4409,0.4803,3,134,1
dis_07541,sym_00176,1.527,0.509,3,142,1
dis_07541,sym_00189,2.3442,0.7814,3,218,1
dis_07541,sym_00221,1.9356,0.6452,3,180,1
dis_07541,sym_00329,1.5915,0.5305,3,148,1
dis_07541,sym_00364,1.6128,0.5376,3,150,1
dis_07544,sym_00005,2.0265,0.6755,3,229,1
dis_07544,sym_00026,1.4514,0.4838,3,164,1
dis_07544,sym_00080,2.1712,0.5428,4,184,1
dis_07544,sym_00096,2.2389,0.7463,3,253,1
dis_07544,sym_00147,1.9734,0.6578,3,223,1
dis_07544,sym_00288,2.817,0.5634,5,191,1
dis_07544,sym_00356,1.5753,0.5251,3,178,1
dis_07544,sym_00405,1.5576,0.5192,3,176,1
dis_07545,sym_00005,1.6614,0.5538,3,247,1
dis_07545,sym_00098,1.9977,0.6659,3,297,1
dis_07545,sym_00263,2.3073,0.7691,3,343,1
dis_07545,sym_00288,2.601,0.5202,5,232,1
dis_07545,sym_00356,1.4934,0.4978,3,222,1
dis_07545,sym_00405,1.5,0.5,3,223,1
dis_07545,sym_00428,1.5201,0.5067,3,226,1
dis_07545,sym_00439,1.527,0.509,3,227,1
dis_07545,sym_00441,1.5741,0.5247,3,234,1
dis_07546,sym_00136,1.4574,0.4858,3,325,1
dis_07546,sym_00169,1.5696,0.5232,3,350,1
dis_07546,sym_00226,1.5291,0.5097,3,341,1
dis_07546,sym_00248,1.5066,0.5022,3,336,1
dis_07546,sym_00277,1.5246,0.5082,3,340,1
dis_07546,sym_00294,2.0223,0.6741,3,451,1
dis_07546,sym_00308,1.5831,0.5277,3,353,1
dis_07546,sym_00327,1.5291,0.5097,3,341,1
dis_07546,sym_00396,1.9239,0.6413,3,429,1
dis_07546,sym_00447,1.5246,0.5082,3,340,1
dis_07547,sym_00045,1.4934,0.4978,3,334,1
dis_07547,sym_00112,1.623,0.541,3,363,1
dis_07547,sym_00136,1.4934,0.4978,3,334,1
dis_07547,sym_00169,1.4709,0.4903,3,329,1
dis_07547,sym_00176,1.4397,0.4799,3,322,1
dis_07547,sym_00226,1.4934,0.4978,3,334,1
dis_07547,sym_00278,1.9896,0.6632,3,445,1
dis_07547,sym_00308,1.4442,0.4814,3,323,1
dis_07547,sym_00327,2.0388,0.6796,3,456,1
dis_07547,sym_00447,1.5021,0.5007,3,336,1
dis_07550,sym_00006,1.5642,0.5214,3,146,1
dis_07550,sym_00029,2.0142,0.6714,3,188,1
dis_07550,sym_00176,1.5537,0.5179,3,145,1
dis_07550,sym_00290,1.4358,0.4786,3,134,1
dis_07550,sym_00292,2.3395,0.4679,5,131,1
dis_07550,sym_00293,1.5642,0.5214,3,146,1
dis_07550,sym_00376,1.4787,0.4929,3,138,1
dis_07550,sym_00442,2.3892,0.7964,3,223,1
dis_07553,sym_00006,2.3226,0.7742,3,24,1
dis_07553,sym_00016,1.8387,0.6129,3,19,1
dis_07553,sym_00091,1.5483,0.5161,3,16,1
dis_07553,sym_00108,2.9031,0.9677,3,30,1
dis_07553,sym_00176,1.6452,0.5484,3,17,1
dis_07555,sym_00006,1.7088,0.5696,3,45,1
dis_07555,sym_00106,1.8609,0.6203,3,49,1
dis_07555,sym_00140,2.3796,0.5949,4,47,1
dis_07555,sym_00207,2.3544,0.7848,3,62,1
dis_07555,sym_00211,2.3544,0.7848,3,62,1
dis_07556,sym_00099,2.7501,0.9167,3,11,1
dis_07556,sym_00120,2.7501,0.9167,3,11,1
dis_07558,sym_00080,2.2856,0.5714,4,108,1
dis_07558,sym_00147,1.6032,0.5344,3,101,1
dis_07558,sym_00189,2.1429,0.7143,3,135,1
dis_07558,sym_00288,4.365,0.873,5,165,1
dis_07558,sym_00373,2.7724,0.6931,4,131,1
dis_07558,sym_00403,1.5873,0.5291,3,100,1
dis_07558,sym_00405,1.6032,0.5344,3,101,1
dis_07567,sym_00091,1.9329,0.6443,3,422,1
dis_07567,sym_00097,1.5435,0.5145,3,337,1
dis_07567,sym_00103,1.4337,0.4779,3,313,1
dis_07567,sym_00105,2.1436,0.5359,4,351,1
dis_07567,sym_00154,2.0337,0.6779,3,444,1
dis_07567,sym_00176,1.6167,0.5389,3,353,1
dis_07567,sym_00252,1.5894,0.5298,3,347,1
dis_07567,sym_00319,1.4793,0.4931,3,323,1
dis_07567,sym_00434,1.5069,0.5023,3,329,1
dis_07567,sym_00470,1.4289,0.4763,3,312,1
dis_07582,sym_00099,3.0,1.0,3,30,1
dis_07582,sym_00120,2.4999,0.8333,3,25,1
dis_07582,sym_00131,2.0001,0.6667,3,20,1
dis_07582,sym_00133,2.0001,0.6667,3,20,1
dis_07582,sym_00161,2.1,0.7,3,21,1
dis_07583,sym_00232,3.0,1.0,3,10,1
dis_07583,sym_00288,5.0,1.0,5,10,1
dis_07589,sym_00261,1.5045,0.5015,3,170,1
dis_07589,sym_00289,2.64,0.528,5,179,1
dis_07589,sym_00305,1.9557,0.6519,3,221,1
dis_07589,sym_00370,1.5309,0.5103,3,173,1
dis_07589,sym_00451,1.5045,0.5015,3,170,1
dis_07589,sym_00458,1.4424,0.4808,3,163,1
dis_07589,sym_00460,2.0178,0.6726,3,228,1
dis_07589,sym_00464,4.012,0.8024,5,272,1
dis_07596,sym_00025,3.0,1.0,3,9,1
dis_07596,sym_00120,3.0,1.0,3,9,1
dis_07597,sym_00006,2.5971,0.8657,3,174,1
dis_07597,sym_00105,2.786,0.6965,4,140,1
dis_07597,sym_00136,1.5522,0.5174,3,104,1
dis_07597,sym_00176,1.6716,0.5572,3,112,1
dis_07597,sym_00307,1.4925,0.4975,3,100,1
dis_07597,sym_00434,2.1045,0.7015,3,141,1
dis_07597,sym_00447,1.3881,0.4627,3,93,1
dis_07598,sym_00056,2.5518,0.8506,3,74,1
dis_07598,sym_00170,1.6206,0.5402,3,47,1
dis_07598,sym_00172,1.6206,0.5402,3,47,1
dis_07598,sym_00173,1.6551,0.5517,3,48,1
dis_07598,sym_00174,1.8966,0.6322,3,55,1
dis_07598,sym_00479,1.5861,0.5287,3,46,1
dis_07612,sym_00051,5.0,1.0,5,120,1
dis_07612,sym_00067,7.0,1.0,7,120,1
dis_07612,sym_00069,2.85,0.95,3,114,1
dis_07612,sym_00075,1.9566,0.6522,3,15,1
dis_07612,sym_00080,3.2044,0.8011,4,129,2
dis_07612,sym_00140,3.8,0.95,4,114,1
dis_07612,sym_00181,6.65,0.95,7,114,1
dis_07612,sym_00250,4.0,1.0,4,120,1
dis_07612,sym_00267,6.0,1.0,6,120,1
dis_07612,sym_00274,5.0,1.0,5,120,1
dis_07612,sym_00328,5.0,1.0,5,120,1
dis_07612,sym_00373,2.8564,0.7141,4,125,2
dis_07612,sym_00417,2.85,0.95,3,114,1
dis_07612,sym_00418,6.0,1.0,6,120,1
dis_07612,sym_00460,2.6088,0.8696,3,20,1
dis_07612,sym_00464,4.75,0.95,5,114,1
dis_07612,sym_00474,2.85,0.95,3,114,1
dis_07612,sym_00485,4.0,1.0,4,120,1
dis_07614,sym_00091,3.0,1.0,3,6,1
dis_07614,sym_00119,2.4999,0.8333,3,5,1
dis_07614,sym_00368,2.0001,0.6667,3,4,1
dis_07624,sym_00090,3.0,1.0,3,1,1
dis_07624,sym_00120,3.0,1.0,3,1,1
dis_07630,sym_00002,4.0,1.0,4,120,1
dis_07630,sym_00069,3.0,1.0,3,120,1
dis_07630,sym_00076,3.8,0.95,4,114,1
dis_07630,sym_00094,5.7,0.95,6,114,1
dis_07630,sym_00140,4.0,1.0,4,120,1
dis_07630,sym_00176,2.85,0.95,3,114,1
dis_07630,sym_00181,7.0,1.0,7,120,1
dis_07630,sym_00289,4.75,0.95,5,114,1
dis_07630,sym_00448,4.75,0.95,5,114,1
dis_07630,sym_00464,4.75,0.95,5,114,1
dis_07631,sym_00147,3.0,1.0,3,1,1
dis_07631,sym_00479,3.0,1.0,3,1,1
dis_07637,sym_00052,1.4961,0.4987,3,188,1
dis_07637,sym_00062,1.3767,0.4589,3,173,1
dis_07637,sym_00093,1.4244,0.4748,3,179,1
dis_07637,sym_00261,1.512,0.504,3,190,1
dis_07637,sym_00289,2.626,0.5252,5,198,1
dis_07637,sym_00353,1.4325,0.4775,3,180,1
dis_07637,sym_00370,1.5597,0.5199,3,196,1
dis_07637,sym_00427,2.4111,0.8037,3,303,1
dis_07637,sym_00464,2.5995,0.5199,5,196,1
dis_07651,sym_00011,1.4856,0.4952,3,156,1
dis_07651,sym_00207,1.6476,0.5492,3,173,1
dis_07651,sym_00314,1.581,0.527,3,166,1
dis_07651,sym_00362,1.4571,0.4857,3,153,1
dis_07651,sym_00370,2.2476,0.7492,3,236,1
dis_07651,sym_00380,2.0286,0.6762,3,213,1
dis_07651,sym_00416,1.5048,0.5016,3,158,1
dis_07651,sym_00464,4.143,0.8286,5,261,1
dis_07652,sym_00053,1.6128,0.5376,3,150,1
dis_07652,sym_00207,1.527,0.509,3,142,1
dis_07652,sym_00314,1.5807,0.5269,3,147,1
dis_07652,sym_00362,1.5807,0.5269,3,147,1
dis_07652,sym_00416,1.9356,0.6452,3,180,1
dis_07652,sym_00430,1.5483,0.5161,3,144,1
dis_07652,sym_00433,1.4625,0.4875,3,136,1
dis_07652,sym_00436,2.4408,0.8136,3,227,1
dis_07653,sym_00119,2.3142,0.7714,3,27,1
dis_07653,sym_00261,1.9713,0.6571,3,23,1
dis_07653,sym_00370,1.8858,0.6286,3,22,1
dis_07653,sym_00380,1.9713,0.6571,3,23,1
dis_07653,sym_00416,2.9142,0.9714,3,34,1
dis_07654,sym_00053,1.5363,0.5121,3,232,1
dis_07654,sym_00165,1.4172,0.4724,3,214,1
dis_07654,sym_00314,1.5894,0.5298,3,240,1
dis_07654,sym_00324,1.5429,0.5143,3,233,1
dis_07654,sym_00325,1.4835,0.4945,3,224,1
dis_07654,sym_00362,1.5099,0.5033,3,228,1
dis_07654,sym_00370,1.4502,0.4834,3,219,1
dis_07654,sym_00416,1.9668,0.6556,3,297,1
dis_07654,sym_00460,2.2383,0.7461,3,338,1
dis_07655,sym_00053,2.0424,0.6808,3,337,1
dis_07655,sym_00076,1.9152,0.4788,4,237,1
dis_07655,sym_00126,1.5153,0.5051,3,250,1
dis_07655,sym_00165,1.6302,0.5434,3,269,1
dis_07655,sym_00207,1.5636,0.5212,3,258,1
dis_07655,sym_00314,1.5333,0.5111,3,253,1
dis_07655,sym_00362,2.091,0.697,3,345,1
dis_07655,sym_00430,1.5576,0.5192,3,257,1
dis_07655,sym_00460,2.0847,0.6949,3,344,1
dis_07660,sym_00035,1.5201,0.5067,3,874,2
dis_07660,sym_00041,3.8,0.95,4,114,1
dis_07660,sym_00053,1.5396,0.5132,3,885,2
dis_07660,sym_00064,5.4,0.9,6,108,1
dis_07660,sym_00077,5.7,0.95,6,114,1
dis_07660,sym_00147,1.4415,0.4805,3,829,2
dis_07660,sym_00162,2.55,0.85,3,102,1
dis_07660,sym_00165,1.5201,0.5067,3,874,2
dis_07660,sym_00261,1.4904,0.4968,3,857,2
dis_07660,sym_00289,2.445,0.489,5,844,2
dis_07660,sym_00314,1.6236,0.5412,3,934,2
dis_07660,sym_00362,1.4751,0.4917,3,848,2
dis_07660,sym_00380,1.5618,0.5206,3,898,2
dis_07660,sym_00416,1.9569,0.6523,3,1127,2
dis_07660,sym_00464,2.547,0.5094,5,879,2
dis_07663,sym_00035,1.4802,0.4934,3,337,1
dis_07663,sym_00053,1.6209,0.5403,3,369,1
dis_07663,sym_00126,1.9767,0.6589,3,450,1
dis_07663,sym_00165,1.5066,0.5022,3,343,1
dis_07663,sym_00314,1.9986,0.6662,3,455,1
dis_07663,sym_00362,1.4802,0.4934,3,337,1
dis_07663,sym_00370,1.4847,0.4949,3,338,1
dis_07663,sym_00380,1.4802,0.4934,3,337,1
dis_07663,sym_00416,1.4847,0.4949,3,338,1
dis_07663,sym_00433,1.4889,0.4963,3,339,1
dis_07673,sym_00033,2.1234,0.7078,3,155,1
dis_07673,sym_00053,1.4931,0.4977,3,109,1
dis_07673,sym_00205,1.6575,0.5525,3,121,1
dis_07673,sym_00261,1.5615,0.5205,3,114,1
dis_07673,sym_00305,1.6302,0.5434,3,119,1
dis_07673,sym_00336,1.3836,0.4612,3,101,1
dis_07673,sym_00370,1.6164,0.5388,3,118,1
dis_07673,sym_00408,1.6575,0.5525,3,121,1
dis_07673,sym_00456,1.4658,0.4886,3,107,1
dis_07674,sym_00167,3.0,1.0,3,5,1
dis_07674,sym_00322,2.4,0.8,3,4,1
dis_07674,sym_00457,3.0,1.0,3,5,1
dis_07675,sym_00083,1.5801,0.5267,3,237,1
dis_07675,sym_00178,1.4799,0.4933,3,222,1
dis_07675,sym_00205,2.0199,0.6733,3,303,1
dis_07675,sym_00207,2.3133,0.7711,3,347,1
dis_07675,sym_00261,1.5132,0.5044,3,227,1
dis_07675,sym_00312,1.5999,0.5333,3,240,1
dis_07675,sym_00322,1.4868,0.4956,3,223,1
dis_07675,sym_00370,1.4799,0.4933,3,222,1
dis_07675,sym_00451,1.5867,0.5289,3,238,1
dis_07678,sym_00099,1.8948,0.6316,3,12,1
dis_07678,sym_00119,2.8422,0.9474,3,18,1
dis_07678,sym_00431,2.6841,0.8947,3,17,1
dis_07680,sym_00120,3.0,1.0,3,9,1
dis_07680,sym_00416,3.0,1.0,3,9,1
dis_07681,sym_00050,1.4937,0.4979,3,1210,2
dis_07681,sym_00083,1.5036,0.5012,3,1218,2
dis_07681,sym_00178,1.5579,0.5193,3,1262,2
dis_07681,sym_00205,1.5309,0.5103,3,1240,2
dis_07681,sym_00261,1.5357,0.5119,3,1244,2
dis_07681,sym_00305,1.5234,0.5078,3,1234,2
dis_07681,sym_00322,1.5531,0.5177,3,1258,2
dis_07681,sym_00336,1.4814,0.4938,3,1200,2
dis_07681,sym_00370,1.4346,0.4782,3,1162,2
dis_07681,sym_00408,1.4742,0.4914,3,1194,2
dis_07681,sym_00458,1.4889,0.4963,3,1206,2
dis_07681,sym_00461,1.5087,0.5029,3,1222,2
dis_07682,sym_00219,1.569,0.523,3,318,1
dis_07682,sym_00261,1.5147,0.5049,3,307,1
dis_07682,sym_00314,1.4508,0.4836,3,294,1
dis_07682,sym_00370,1.3668,0.4556,3,277,1
dis_07682,sym_00416,2.1711,0.7237,3,440,1
dis_07682,sym_00458,1.4508,0.4836,3,294,1
dis_07682,sym_00460,1.5345,0.5115,3,311,1
dis_07682,sym_00461,1.5297,0.5099,3,310,1
dis_07682,sym_00462,1.4211,0.4737,3,288,1
dis_07682,sym_00466,1.5048,0.5016,3,305,1
dis_07683,sym_00261,1.6365,0.5455,3,42,1
dis_07683,sym_00304,1.6365,0.5455,3,42,1
dis_07683,sym_00322,2.0649,0.6883,3,53,1
dis_07683,sym_00370,2.1429,0.7143,3,55,1
dis_07683,sym_00416,2.8053,0.9351,3,72,1
dis_07683,sym_00461,1.6752,0.5584,3,43,1
dis_07684,sym_00261,1.6275,0.5425,3,939,2
dis_07684,sym_00304,1.9569,0.6523,3,1130,2
dis_07684,sym_00305,1.4931,0.4977,3,861,2
dis_07684,sym_00314,1.5141,0.5047,3,873,2
dis_07684,sym_00322,1.5363,0.5121,3,886,2
dis_07684,sym_00370,1.5192,0.5064,3,876,2
dis_07684,sym_00416,1.5063,0.5021,3,868,2
dis_07684,sym_00458,1.5702,0.5234,3,905,2
dis_07684,sym_00460,1.467,0.489,3,846,2
dis_07684,sym_00461,1.6122,0.5374,3,930,2
dis_07684,sym_00462,1.5204,0.5068,3,877,2
dis_07686,sym_00147,2.0001,0.6667,3,6,1
dis_07686,sym_00172,3.0,1.0,3,9,1
dis_07686,sym_00373,3.1112,0.7778,4,7,1
dis_07686,sym_00378,1.3332,0.4444,3,4,1
dis_07694,sym_00168,1.5396,0.5132,3,350,1
dis_07694,sym_00201,1.5969,0.5323,3,363,1
dis_07694,sym_00207,2.0412,0.6804,3,464,1
dis_07694,sym_00261,1.5264,0.5088,3,347,1
dis_07694,sym_00268,1.4691,0.4897,3,334,1
dis_07694,sym_00309,1.5573,0.5191,3,354,1
dis_07694,sym_00310,2.0235,0.6745,3,460,1
dis_07694,sym_00385,1.5351,0.5117,3,349,1
dis_07694,sym_00420,1.5,0.5,3,341,1
dis_07694,sym_00436,1.4604,0.4868,3,332,1
dis_07695,sym_00012,1.6194,0.5398,3,61,1
dis_07695,sym_00060,3.8,0.95,4,114,1
dis_07695,sym_00082,3.8,0.95,4,114,1
dis_07695,sym_00140,3.8,0.95,4,114,1
dis_07695,sym_00240,2.2302,0.7434,3,84,1
dis_07695,sym_00241,1.5132,0.5044,3,57,1
dis_07695,sym_00242,1.5132,0.5044,3,57,1
dis_07695,sym_00244,1.593,0.531,3,60,1
dis_07695,sym_00266,1.3275,0.4425,3,50,1
dis_07695,sym_00300,3.8,0.95,4,114,1
dis_07695,sym_00327,1.407,0.469,3,53,1
dis_07695,sym_00341,5.7,0.95,6,114,1
dis_07695,sym_00387,1.5663,0.5221,3,59,1
dis_07695,sym_00423,4.5,0.9,5,108,1
dis_07695,sym_00426,4.75,0.95,5,114,1
dis_07696,sym_00105,2.1004,0.5251,4,157,1
dis_07696,sym_00159,2.3076,0.7692,3,230,1
dis_07696,sym_00176,1.5552,0.5184,3,155,1
dis_07696,sym_00242,1.485,0.495,3,148,1
dis_07696,sym_00243,2.2374,0.7458,3,223,1
dis_07696,sym_00266,1.5252,0.5084,3,152,1
dis_07696,sym_00387,1.5453,0.5151,3,154,1
dis_07696,sym_00395,1.4547,0.4849,3,145,1
dis_07699,sym_00003,1.6518,0.5506,3,185,1
dis_07699,sym_00063,2.0268,0.6756,3,227,1
dis_07699,sym_00152,1.3749,0.4583,3,154,1
dis_07699,sym_00240,1.4376,0.4792,3,161,1
dis_07699,sym_00242,2.3037,0.7679,3,258,1
dis_07699,sym_00266,1.5981,0.5327,3,179,1
dis_07699,sym_00387,1.5537,0.5179,3,174,1
dis_07699,sym_00392,2.1072,0.7024,3,236,1
dis_07705,sym_00035,3.0,1.0,3,23,1
dis_07705,sym_00105,2.0868,0.5217,4,12,1
dis_07705,sym_00242,2.3478,0.7826,3,18,1
dis_07705,sym_00371,2.8695,0.9565,3,22,1
dis_07707,sym_00053,2.4,0.8,3,8,1
dis_07707,sym_00147,1.8,0.6,3,6,1
dis_07707,sym_00207,2.4,0.8,3,8,1
dis_07707,sym_00416,2.1,0.7,3,7,1
dis_07712,sym_00003,1.5525,0.5175,3,311,1
dis_07712,sym_00080,1.8704,0.4676,4,281,1
dis_07712,sym_00086,1.4676,0.4892,3,294,1
dis_07712,sym_00147,1.5573,0.5191,3,312,1
dis_07712,sym_00219,1.4976,0.4992,3,300,1
dis_07712,sym_00288,2.4045,0.4809,5,289,1
dis_07712,sym_00343,1.5174,0.5058,3,304,1
dis_07712,sym_00395,1.5324,0.5108,3,307,1
dis_07712,sym_00396,2.2164,0.7388,3,444,1
dis_07712,sym_00464,2.396,0.4792,5,288,1
dis_07714,sym_00011,2.1429,0.7143,3,25,1
dis_07714,sym_00173,2.4,0.8,3,28,1
dis_07714,sym_00273,1.7142,0.5714,3,20,1
dis_07714,sym_00370,1.6287,0.5429,3,19,1
dis_07714,sym_00413,1.5429,0.5143,3,18,1
dis_07716,sym_00003,1.4637,0.4879,3,221,1
dis_07716,sym_00014,1.4238,0.4746,3,215,1
dis_07716,sym_00061,1.404,0.468,3,212,1
dis_07716,sym_00248,2.2383,0.7461,3,338,1
dis_07716,sym_00385,1.5165,0.5055,3,229,1
dis_07716,sym_00387,1.5363,0.5121,3,232,1
dis_07716,sym_00388,1.4571,0.4857,3,220,1
dis_07716,sym_00396,2.0463,0.6821,3,309,1
dis_07716,sym_00468,1.5498,0.5166,3,234,1
dis_07718,sym_00172,3.0,1.0,3,5,1
dis_07718,sym_00232,3.0,1.0,3,5,1
dis_07719,sym_00103,2.175,0.725,3,58,1
dis_07719,sym_00140,2.1,0.525,4,42,1
dis_07719,sym_00191,2.2875,0.7625,3,61,1
dis_07719,sym_00234,2.4,0.8,3,64,1
dis_07719,sym_00337,1.575,0.525,3,42,1
dis_07720,sym_00030,2.8236,0.9412,3,16,1
dis_07720,sym_00140,2.5884,0.6471,4,11,1
dis_07720,sym_00191,2.4705,0.8235,3,14,1
dis_07725,sym_00099,1.5747,0.5249,3,179,1
dis_07725,sym_00106,2.3403,0.7801,3,266,1
dis_07725,sym_00131,2.085,0.695,3,237,1
dis_07725,sym_00161,2.0673,0.6891,3,235,1
dis_07725,sym_00239,1.5837,0.5279,3,180,1
dis_07725,sym_00307,1.4517,0.4839,3,165,1
dis_07725,sym_00407,1.5219,0.5073,3,173,1
dis_07725,sym_00431,1.5837,0.5279,3,180,1
dis_07726,sym_00048,1.2222,0.4074,3,11,1
dis_07726,sym_00099,1.3332,0.4444,3,12,1
dis_07726,sym_00239,1.4445,0.4815,3,13,1
dis_07726,sym_00307,2.1111,0.7037,3,19,1
dis_07726,sym_00407,1.8888,0.6296,3,17,1
dis_07726,sym_00431,1.6668,0.5556,3,15,1
dis_07730,sym_00097,2.3001,0.7667,3,69,1
dis_07730,sym_00189,1.5,0.5,3,45,1
dis_07730,sym_00405,1.4667,0.4889,3,44,1
dis_07730,sym_00439,2.3667,0.7889,3,71,1
dis_07730,sym_00442,2.4333,0.8111,3,73,1
dis_07732,sym_00091,3.0,1.0,3,11,1
dis_07732,sym_00119,1.9092,0.6364,3,7,1
dis_07732,sym_00370,1.9092,0.6364,3,7,1
dis_07732,sym_00464,4.091,0.8182,5,9,1
dis_07736,sym_00052,3.0,1.0,3,5,1
dis_07736,sym_00284,3.0,1.0,3,5,1
dis_07736,sym_00299,1.2,0.4,3,2,1
dis_07737,sym_00035,2.4999,0.8333,3,5,1
dis_07737,sym_00120,2.0001,0.6667,3,4,1
dis_07737,sym_00204,3.0,1.0,3,6,1
dis_07738,sym_00304,2.325,0.775,3,124,1
dis_07738,sym_00384,1.5186,0.5062,3,81,1
dis_07738,sym_00458,2.0439,0.6813,3,109,1
dis_07738,sym_00460,2.3064,0.7688,3,123,1
dis_07738,sym_00461,2.0625,0.6875,3,110,1
dis_07738,sym_00466,1.5,0.5,3,80,1
dis_07739,sym_00035,1.5567,0.5189,3,1264,2
dis_07739,sym_00062,1.4655,0.4885,3,1190,2
dis_07739,sym_00083,1.4631,0.4877,3,1188,2
dis_07739,sym_00261,1.5171,0.5057,3,1232,2
dis_07739,sym_00289,2.5165,0.5033,5,1226,2
dis_07739,sym_00305,1.5,0.5,3,1218,2
dis_07739,sym_00314,1.4976,0.4992,3,1216,2
dis_07739,sym_00322,1.5048,0.5016,3,1222,2
dis_07739,sym_00370,1.4556,0.4852,3,1182,2
dis_07739,sym_00380,1.4778,0.4926,3,1200,2
dis_07739,sym_00458,1.5444,0.5148,3,1254,2
dis_07739,sym_00461,1.4457,0.4819,3,1174,2
dis_07768,sym_00011,2.4999,0.8333,3,5,1
dis_07768,sym_00025,3.0,1.0,3,6,1
dis_07768,sym_00091,1.5,0.5,3,3,1
dis_07795,sym_00069,2.0061,0.6687,3,337,1
dis_07795,sym_00080,1.984,0.496,4,250,1
dis_07795,sym_00093,1.9881,0.6627,3,334,1
dis_07795,sym_00140,2.008,0.502,4,253,1
dis_07795,sym_00147,1.5834,0.5278,3,266,1
dis_07795,sym_00177,1.9821,0.6607,3,333,1
dis_07795,sym_00289,2.5495,0.5099,5,257,1
dis_07795,sym_00370,1.5774,0.5258,3,265,1
dis_07795,sym_00464,2.4505,0.4901,5,247,1
dis_07798,sym_00080,2.4188,0.6047,4,26,1
dis_07798,sym_00288,4.651,0.9302,5,40,1
dis_07798,sym_00373,2.8836,0.7209,4,31,1
dis_07798,sym_00405,2.5116,0.8372,3,36,1
dis_07798,sym_00464,3.4885,0.6977,5,30,1
dis_07804,sym_00080,3.7144,0.9286,4,13,1
dis_07804,sym_00204,3.0,1.0,3,14,1
dis_07804,sym_00397,1.9287,0.6429,3,9,1
dis_07858,sym_00092,1.5639,0.5213,3,245,1
dis_07858,sym_00165,1.998,0.666,3,313,1
dis_07858,sym_00322,1.5192,0.5064,3,238,1
dis_07858,sym_00370,1.9659,0.6553,3,308,1
dis_07858,sym_00395,1.5894,0.5298,3,249,1
dis_07858,sym_00416,2.1702,0.7234,3,340,1
dis_07858,sym_00458,1.6212,0.5404,3,254,1
dis_07858,sym_00460,1.6086,0.5362,3,252,1
dis_07858,sym_00461,1.5639,0.5213,3,245,1
dis_07868,sym_00119,2.7273,0.9091,3,10,1
dis_07868,sym_00371,2.4546,0.8182,3,9,1
dis_07868,sym_00405,3.0,1.0,3,11,1
